{
    "$schema": "https://vega.github.io/schema/vega-lite/v5.json",
    "width": 800,
    "height": 450,
    "title": "Patterns of migration into Australia in 2022-23 (estimates)",
    "projection": {"type": "equirectangular"},
    "layer":[
        {
            "data": {
                "url": "au-states.topojson",
                "format": {"type": "topojson", "feature": "ne_10m_admin_1_states_provinces"}
            },
            "transform": [
                {
                    "lookup": "properties.name",
                    "from": {
                        "data": {
                            "url": "overseas-migration-original.csv"
                        },
                        "key": "State",
                        "fields": ["Y2022_23", "Y2022_23_total"]
                    }
                },
                {"calculate": "datum.Y2022_23/datum.Y2022_23_total * 100", "as": "% of annual national migration"}
            ],
            "mark": {"type": "geoshape"},
            "encoding": {
                "color": {
                    "field": "% of annual national migration",
                    "type": "quantitative",
                    "scale": {
                        "type": "threshold",
                        "domain": [5, 10, 20, 30],
                        "range": ["#81d484","#55a657","#338035","#195e1a","#053b05"]
                    }
                }
            }
        },
        {
            "data": {
                "url": "au-states.topojson",
                "format": {"type": "topojson", "feature": "ne_110m_graticules_30"}
            },
            "mark": {"type": "geoshape", "stroke": "dimgrey"}
        }
    ]
}