Site Name,Lat,Lon,Model,Experiment,Year,Avg Ann CFFDI,DPY_HI,DPY_VH,"DPY_SEV",DPY_EXT,DPY_CAT,DPY_GE_HI,DPY_GE_VH,DPY_GE_SEV,DPY_GE_EXT
Adelaide,-34.92,138.62,CESM1-CAM5,rcp45,2030,3089.55,56.47,21.97,2.27,0.1,0,80.81,24.34,2.37,0.1
Adelaide,-34.92,138.62,CESM1-CAM5,rcp45,2050,3224.59,60.1,23.5,2.4,0.1,0,86.1,26,2.5,0.1
Adelaide,-34.92,138.62,CESM1-CAM5,rcp45,2070,3276.64,60,24.4,2.57,0.1,0,87.07,27.07,2.67,0.1
Adelaide,-34.92,138.62,CESM1-CAM5,rcp45,2090,3395.28,62.07,26,2.87,0.13,0,91.07,29,3,0.13
Adelaide,-34.92,138.62,CESM1-CAM5,rcp85,2030,3067.55,56.03,21.93,2.1,0.1,0,80.16,24.13,2.2,0.1
Adelaide,-34.92,138.62,CESM1-CAM5,rcp85,2050,3373.06,62.47,24.87,2.83,0.1,0,90.27,27.8,2.93,0.1
Adelaide,-34.92,138.62,CESM1-CAM5,rcp85,2070,3535.43,64.2,28.07,3.37,0.37,0,96.01,31.81,3.74,0.37
Adelaide,-34.92,138.62,CESM1-CAM5,rcp85,2090,3835.31,70.97,30.67,4.27,0.57,0.03,106.51,35.54,4.87,0.6
Adelaide,-34.92,138.62,GFDL-ESM2M,rcp45,2030,3885.64,75.17,29.6,3.47,0.3,0,108.54,33.37,3.77,0.3
Adelaide,-34.92,138.62,GFDL-ESM2M,rcp45,2050,3410.18,63.07,24.07,2.63,0.13,0,89.9,26.83,2.76,0.13
Adelaide,-34.92,138.62,GFDL-ESM2M,rcp45,2070,3817.06,73.3,29.2,3.6,0.2,0,106.3,33,3.8,0.2
Adelaide,-34.92,138.62,GFDL-ESM2M,rcp45,2090,3373.35,62.4,23.83,2.6,0.1,0,88.93,26.53,2.7,0.1
Adelaide,-34.92,138.62,GFDL-ESM2M,rcp85,2030,3334.71,62.2,23.07,2.3,0.1,0,87.67,25.47,2.4,0.1
Adelaide,-34.92,138.62,GFDL-ESM2M,rcp85,2050,3646.23,68.47,27.8,3.1,0.27,0,99.64,31.17,3.37,0.27
Adelaide,-34.92,138.62,GFDL-ESM2M,rcp85,2070,3855.3,72.2,29.83,3.7,0.23,0,105.96,33.76,3.93,0.23
Adelaide,-34.92,138.62,GFDL-ESM2M,rcp85,2090,4464.98,88.3,35.43,5.43,0.7,0,129.86,41.56,6.13,0.7
Adelaide,-34.92,138.62,MIROC5,rcp45,2030,3033.36,56.4,21.83,1.9,0.1,0,80.23,23.83,2,0.1
Adelaide,-34.92,138.62,MIROC5,rcp45,2050,3015.08,56.2,21.6,2.03,0.07,0,79.9,23.7,2.1,0.07
Adelaide,-34.92,138.62,MIROC5,rcp45,2070,3050.83,56.63,22.3,2.1,0.1,0,81.13,24.5,2.2,0.1
Adelaide,-34.92,138.62,MIROC5,rcp45,2090,3126.1,58.03,23.23,2.23,0.1,0,83.59,25.56,2.33,0.1
Adelaide,-34.92,138.62,MIROC5,rcp85,2030,2985.28,55.37,20.97,1.93,0.07,0,78.34,22.97,2,0.07
Adelaide,-34.92,138.62,MIROC5,rcp85,2050,3083.34,57.5,22.6,2.1,0.1,0,82.3,24.8,2.2,0.1
Adelaide,-34.92,138.62,MIROC5,rcp85,2070,3088.01,57.13,22.93,2.23,0.1,0,82.39,25.26,2.33,0.1
Adelaide,-34.92,138.62,MIROC5,rcp85,2090,3085.11,56.1,23.67,2.3,0.1,0,82.17,26.07,2.4,0.1
Adelaide,-34.92,138.62,OBS,historical,1995,2942.49,54.2,19.93,1.7,0.03,0,75.86,21.66,1.73,0.03
Albany-AP,-34.94,117.8,CESM1-CAM5,rcp45,2030,1474.66,14.53,2.4,0.27,0.03,0,17.23,2.7,0.3,0.03
Albany-AP,-34.94,117.8,CESM1-CAM5,rcp45,2050,1610.59,19.5,2.63,0.33,0.07,0,22.53,3.03,0.4,0.07
Albany-AP,-34.94,117.8,CESM1-CAM5,rcp45,2070,1767.71,23.8,3.23,0.37,0.07,0,27.47,3.67,0.44,0.07
Albany-AP,-34.94,117.8,CESM1-CAM5,rcp45,2090,1774.35,23.93,3.33,0.47,0.07,0,27.8,3.87,0.54,0.07
Albany-AP,-34.94,117.8,CESM1-CAM5,rcp85,2030,1579.56,18.6,2.63,0.37,0.03,0,21.63,3.03,0.4,0.03
Albany-AP,-34.94,117.8,CESM1-CAM5,rcp85,2050,1974.22,30.53,3.87,0.57,0.07,0,35.04,4.51,0.64,0.07
Albany-AP,-34.94,117.8,CESM1-CAM5,rcp85,2070,1974.22,30.53,3.87,0.57,0.07,0,35.04,4.51,0.64,0.07
Albany-AP,-34.94,117.8,CESM1-CAM5,rcp85,2090,2027.11,30,4,0.53,0.1,0,34.63,4.63,0.63,0.1
Albany-AP,-34.94,117.8,GFDL-ESM2M,rcp45,2030,2046.38,31.07,4.17,0.53,0.03,0,35.8,4.73,0.56,0.03
Albany-AP,-34.94,117.8,GFDL-ESM2M,rcp45,2050,1760.26,18.6,2.87,0.33,0.03,0,21.83,3.23,0.36,0.03
Albany-AP,-34.94,117.8,GFDL-ESM2M,rcp45,2070,2012.61,27.9,3.4,0.4,0.03,0,31.73,3.83,0.43,0.03
Albany-AP,-34.94,117.8,GFDL-ESM2M,rcp45,2090,1764.51,17.6,2.83,0.33,0,0,20.76,3.16,0.33,0
Albany-AP,-34.94,117.8,GFDL-ESM2M,rcp85,2030,1705.88,19.1,2.8,0.33,0.03,0,22.26,3.16,0.36,0.03
Albany-AP,-34.94,117.8,GFDL-ESM2M,rcp85,2050,2081.74,29.47,3.57,0.5,0.03,0,33.57,4.1,0.53,0.03
Albany-AP,-34.94,117.8,GFDL-ESM2M,rcp85,2070,2081.74,29.47,3.57,0.5,0.03,0,33.57,4.1,0.53,0.03
Albany-AP,-34.94,117.8,GFDL-ESM2M,rcp85,2090,2552.79,43.37,5.17,0.7,0.03,0.03,49.3,5.93,0.76,0.06
Albany-AP,-34.94,117.8,MIROC5,rcp45,2030,1540.74,16.73,2.57,0.33,0.03,0,19.66,2.93,0.36,0.03
Albany-AP,-34.94,117.8,MIROC5,rcp45,2050,1569.28,18.13,2.7,0.37,0.03,0,21.23,3.1,0.4,0.03
Albany-AP,-34.94,117.8,MIROC5,rcp45,2070,1571.37,18.5,2.73,0.33,0.03,0,21.59,3.09,0.36,0.03
Albany-AP,-34.94,117.8,MIROC5,rcp45,2090,1585.4,18.6,2.8,0.37,0.03,0,21.8,3.2,0.4,0.03
Albany-AP,-34.94,117.8,MIROC5,rcp85,2030,1533.36,16.3,2.4,0.33,0.03,0,19.06,2.76,0.36,0.03
Albany-AP,-34.94,117.8,MIROC5,rcp85,2050,1616.37,18.8,2.77,0.4,0.03,0,22,3.2,0.43,0.03
Albany-AP,-34.94,117.8,MIROC5,rcp85,2070,1616.37,18.8,2.77,0.4,0.03,0,22,3.2,0.43,0.03
Albany-AP,-34.94,117.8,MIROC5,rcp85,2090,1788.71,23.83,3.33,0.4,0.07,0,27.63,3.8,0.47,0.07
Albany-AP,-34.94,117.8,OBS,historical,1995,1463.28,14.03,2.33,0.27,0.03,0,16.66,2.63,0.3,0.03
Alice-Springs,-23.8,133.89,CESM1-CAM5,rcp45,2030,8885.23,113.7,134.5,24.3,1.53,0.13,274.16,160.46,25.96,1.66
Alice-Springs,-23.8,133.89,CESM1-CAM5,rcp45,2050,9416.91,107.03,136.67,32.3,2.5,0.2,278.7,171.67,35,2.7
Alice-Springs,-23.8,133.89,CESM1-CAM5,rcp45,2070,9377.15,109.17,137.5,30.97,2.13,0.2,279.97,170.8,33.3,2.33
Alice-Springs,-23.8,133.89,CESM1-CAM5,rcp45,2090,9580.31,106.87,139.2,33.73,2.43,0.23,282.46,175.59,36.39,2.66
Alice-Springs,-23.8,133.89,CESM1-CAM5,rcp85,2030,9036.69,108.67,136.47,26.37,1.8,0.2,273.51,164.84,28.37,2
Alice-Springs,-23.8,133.89,CESM1-CAM5,rcp85,2050,9995.54,107.87,143.87,37.13,3.3,0.27,292.44,184.57,40.7,3.57
Alice-Springs,-23.8,133.89,CESM1-CAM5,rcp85,2070,10065.11,105,140.83,38.9,4.17,0.3,289.2,184.2,43.37,4.47
Alice-Springs,-23.8,133.89,CESM1-CAM5,rcp85,2090,10516.66,101.83,142.13,45.1,5.6,0.47,295.13,193.3,51.17,6.07
Alice-Springs,-23.8,133.89,GFDL-ESM2M,rcp45,2030,11150.53,105.03,154.17,48.33,5.83,0.57,313.93,208.9,54.73,6.4
Alice-Springs,-23.8,133.89,GFDL-ESM2M,rcp45,2050,9940.35,111.63,148.4,34.03,3.1,0.27,297.43,185.8,37.4,3.37
Alice-Springs,-23.8,133.89,GFDL-ESM2M,rcp45,2070,11636.3,100.13,154.63,56,7.1,0.67,318.53,218.4,63.77,7.77
Alice-Springs,-23.8,133.89,GFDL-ESM2M,rcp45,2090,10120.35,109.6,153.97,34.3,2.97,0.27,301.11,191.51,37.54,3.24
Alice-Springs,-23.8,133.89,GFDL-ESM2M,rcp85,2030,10374.72,105.93,152.77,38.3,4.03,0.37,301.4,195.47,42.7,4.4
Alice-Springs,-23.8,133.89,GFDL-ESM2M,rcp85,2050,11375.44,97.27,150.9,54.03,6.97,0.67,309.84,212.57,61.67,7.64
Alice-Springs,-23.8,133.89,GFDL-ESM2M,rcp85,2070,11439.45,97.1,158.7,51.5,6.53,0.63,314.46,217.36,58.66,7.16
Alice-Springs,-23.8,133.89,GFDL-ESM2M,rcp85,2090,12753.06,85.87,161.7,68.9,10.3,1.47,328.24,242.37,80.67,11.77
Alice-Springs,-23.8,133.89,MIROC5,rcp45,2030,8948.65,110.43,136.27,24.37,1.73,0.2,273,162.57,26.3,1.93
Alice-Springs,-23.8,133.89,MIROC5,rcp45,2050,8870.68,110.97,132.13,25.33,1.77,0.27,270.47,159.5,27.37,2.04
Alice-Springs,-23.8,133.89,MIROC5,rcp45,2070,9029.12,112.3,135.3,26.13,1.9,0.2,275.83,163.53,28.23,2.1
Alice-Springs,-23.8,133.89,MIROC5,rcp45,2090,9353.35,109,139.07,29.83,2.23,0.27,280.4,171.4,32.33,2.5
Alice-Springs,-23.8,133.89,MIROC5,rcp85,2030,9032.92,109.83,134.1,27.4,1.77,0.27,273.37,163.54,29.44,2.04
Alice-Springs,-23.8,133.89,MIROC5,rcp85,2050,9277.6,109.83,137.13,29.4,2.3,0.27,278.93,169.1,31.97,2.57
Alice-Springs,-23.8,133.89,MIROC5,rcp85,2070,9102.19,109.63,136.6,27.3,1.93,0.23,275.69,166.06,29.46,2.16
Alice-Springs,-23.8,133.89,MIROC5,rcp85,2090,9199.33,109.5,136.93,28.6,2.27,0.2,277.5,168,31.07,2.47
Alice-Springs,-23.8,133.89,OBS,historical,1995,8885.69,111.63,133.17,22.87,1.4,0.1,269.17,157.54,24.37,1.5
Amberley,-27.63,152.71,CESM1-CAM5,rcp45,2030,3065.19,71.4,13.63,1.33,0.13,0,86.49,15.09,1.46,0.13
Amberley,-27.63,152.71,CESM1-CAM5,rcp45,2050,3259.09,80.33,15.37,1.6,0.2,0,97.5,17.17,1.8,0.2
Amberley,-27.63,152.71,CESM1-CAM5,rcp45,2070,3198.24,78.23,14.93,1.57,0.23,0,94.96,16.73,1.8,0.23
Amberley,-27.63,152.71,CESM1-CAM5,rcp45,2090,3371.92,85.13,16.3,1.97,0.27,0,103.67,18.54,2.24,0.27
Amberley,-27.63,152.71,CESM1-CAM5,rcp85,2030,3221.8,79.2,14.77,1.6,0.23,0.03,95.83,16.63,1.86,0.26
Amberley,-27.63,152.71,CESM1-CAM5,rcp85,2050,3521.53,92.57,17.47,2.17,0.23,0.07,112.51,19.94,2.47,0.3
Amberley,-27.63,152.71,CESM1-CAM5,rcp85,2070,3811.26,102.9,20.1,2.83,0.43,0.07,126.33,23.43,3.33,0.5
Amberley,-27.63,152.71,CESM1-CAM5,rcp85,2090,3845.35,101.57,22,3.13,0.47,0.1,127.27,25.7,3.7,0.57
Amberley,-27.63,152.71,GFDL-ESM2M,rcp45,2030,3743.96,100.53,19.1,2.17,0.3,0.03,122.13,21.6,2.5,0.33
Amberley,-27.63,152.71,GFDL-ESM2M,rcp45,2050,3633.09,95.93,18.23,2.13,0.27,0,116.56,20.63,2.4,0.27
Amberley,-27.63,152.71,GFDL-ESM2M,rcp45,2070,4152.51,119,22.33,2.93,0.37,0.03,144.66,25.66,3.33,0.4
Amberley,-27.63,152.71,GFDL-ESM2M,rcp45,2090,3898.69,106.77,20.57,2.43,0.33,0.03,130.13,23.36,2.79,0.36
Amberley,-27.63,152.71,GFDL-ESM2M,rcp85,2030,3888.18,105.5,20.57,2.47,0.4,0.03,128.97,23.47,2.9,0.43
Amberley,-27.63,152.71,GFDL-ESM2M,rcp85,2050,4179.69,117.8,23.4,3.3,0.5,0.07,145.07,27.27,3.87,0.57
Amberley,-27.63,152.71,GFDL-ESM2M,rcp85,2070,4385.77,122.27,26.43,3.63,0.63,0.13,153.09,30.82,4.39,0.76
Amberley,-27.63,152.71,GFDL-ESM2M,rcp85,2090,4755.54,135.7,31.53,4.13,0.87,0.13,172.36,36.66,5.13,1
Amberley,-27.63,152.71,MIROC5,rcp45,2030,3179.16,77.07,14.27,1.7,0.2,0.03,93.27,16.2,1.93,0.23
Amberley,-27.63,152.71,MIROC5,rcp45,2050,3284.25,81.6,15.13,1.6,0.23,0,98.56,16.96,1.83,0.23
Amberley,-27.63,152.71,MIROC5,rcp45,2070,3251.5,79.83,14.93,1.7,0.17,0,96.63,16.8,1.87,0.17
Amberley,-27.63,152.71,MIROC5,rcp45,2090,3390.88,86.03,16.33,1.77,0.27,0.03,104.43,18.4,2.07,0.3
Amberley,-27.63,152.71,MIROC5,rcp85,2030,3472.65,89.73,16.5,2,0.2,0.03,108.46,18.73,2.23,0.23
Amberley,-27.63,152.71,MIROC5,rcp85,2050,3572.67,92.7,18.27,2.3,0.27,0.03,113.57,20.87,2.6,0.3
Amberley,-27.63,152.71,MIROC5,rcp85,2070,3568.26,92.37,17.87,2.1,0.27,0.03,112.64,20.27,2.4,0.3
Amberley,-27.63,152.71,MIROC5,rcp85,2090,3419.24,86.07,16.8,2.07,0.27,0.03,105.24,19.17,2.37,0.3
Amberley,-27.63,152.71,OBS,historical,1995,3114,71.53,13.13,1.33,0.1,0,86.09,14.56,1.43,0.1
Brisbane-AP,-27.39,153.13,CESM1-CAM5,rcp45,2030,1960.14,20,4.9,0.67,0,0,25.57,5.57,0.67,0
Brisbane-AP,-27.39,153.13,CESM1-CAM5,rcp45,2050,2100.1,23.47,5.17,0.77,0,0,29.41,5.94,0.77,0
Brisbane-AP,-27.39,153.13,CESM1-CAM5,rcp45,2070,2048.93,22.1,5.03,0.77,0.03,0,27.93,5.83,0.8,0.03
Brisbane-AP,-27.39,153.13,CESM1-CAM5,rcp45,2090,2179.18,25.2,5.7,0.9,0.03,0,31.83,6.63,0.93,0.03
Brisbane-AP,-27.39,153.13,CESM1-CAM5,rcp85,2030,2074.93,22.67,4.93,0.73,0.03,0,28.36,5.69,0.76,0.03
Brisbane-AP,-27.39,153.13,CESM1-CAM5,rcp85,2050,2299.65,28.9,5.83,0.87,0.07,0,35.67,6.77,0.94,0.07
Brisbane-AP,-27.39,153.13,CESM1-CAM5,rcp85,2070,2529.22,36.3,7.7,1.03,0.23,0,45.26,8.96,1.26,0.23
Brisbane-AP,-27.39,153.13,CESM1-CAM5,rcp85,2090,2539.75,37.77,7.7,1.4,0.2,0,47.07,9.3,1.6,0.2
Brisbane-AP,-27.39,153.13,GFDL-ESM2M,rcp45,2030,2523.96,33.73,6.87,1,0.03,0,41.63,7.9,1.03,0.03
Brisbane-AP,-27.39,153.13,GFDL-ESM2M,rcp45,2050,2428.89,31.63,6.7,0.9,0,0,39.23,7.6,0.9,0
Brisbane-AP,-27.39,153.13,GFDL-ESM2M,rcp45,2070,2823.34,44.7,8.27,1.13,0.13,0,54.23,9.53,1.26,0.13
Brisbane-AP,-27.39,153.13,GFDL-ESM2M,rcp45,2090,2636.39,36.73,7.67,1.03,0.13,0,45.56,8.83,1.16,0.13
Brisbane-AP,-27.39,153.13,GFDL-ESM2M,rcp85,2030,2636.43,37.33,7.7,1.17,0.1,0,46.3,8.97,1.27,0.1
Brisbane-AP,-27.39,153.13,GFDL-ESM2M,rcp85,2050,2834.92,45.63,8.53,1.37,0.17,0,55.7,10.07,1.54,0.17
Brisbane-AP,-27.39,153.13,GFDL-ESM2M,rcp85,2070,3021.26,52.73,10.3,1.53,0.3,0,64.86,12.13,1.83,0.3
Brisbane-AP,-27.39,153.13,GFDL-ESM2M,rcp85,2090,3327.87,70.27,12.1,1.73,0.27,0.03,84.4,14.13,2.03,0.3
Brisbane-AP,-27.39,153.13,MIROC5,rcp45,2030,2032.62,22,4.93,0.67,0.07,0,27.67,5.67,0.74,0.07
Brisbane-AP,-27.39,153.13,MIROC5,rcp45,2050,2119.25,24.4,5.3,0.7,0.03,0,30.43,6.03,0.73,0.03
Brisbane-AP,-27.39,153.13,MIROC5,rcp45,2070,2089.2,22.97,5.2,0.7,0.03,0,28.9,5.93,0.73,0.03
Brisbane-AP,-27.39,153.13,MIROC5,rcp45,2090,2190.91,24.87,5.6,0.7,0.07,0,31.24,6.37,0.77,0.07
Brisbane-AP,-27.39,153.13,MIROC5,rcp85,2030,2262.98,27.47,5.47,0.8,0.07,0,33.81,6.34,0.87,0.07
Brisbane-AP,-27.39,153.13,MIROC5,rcp85,2050,2341.17,30.83,5.93,0.97,0.13,0,37.86,7.03,1.1,0.13
Brisbane-AP,-27.39,153.13,MIROC5,rcp85,2070,2332.37,29.47,6.4,0.83,0.07,0,36.77,7.3,0.9,0.07
Brisbane-AP,-27.39,153.13,MIROC5,rcp85,2090,2207.92,26.97,5.97,0.83,0.07,0,33.84,6.87,0.9,0.07
Brisbane-AP,-27.39,153.13,OBS,historical,1995,2016.82,20.03,4.7,0.6,0,0,25.33,5.3,0.6,0
Broome,-17.95,122.23,CESM1-CAM5,rcp45,2030,4220.78,78.7,46.77,1.53,0,0,127,48.3,1.53,0
Broome,-17.95,122.23,CESM1-CAM5,rcp45,2050,4373.73,80.17,48.4,1.9,0,0,130.47,50.3,1.9,0
Broome,-17.95,122.23,CESM1-CAM5,rcp45,2070,4467.99,79.1,52.3,1.97,0,0,133.37,54.27,1.97,0
Broome,-17.95,122.23,CESM1-CAM5,rcp45,2090,4443.31,79.33,50.83,2.23,0,0,132.39,53.06,2.23,0
Broome,-17.95,122.23,CESM1-CAM5,rcp85,2030,4323.12,79.33,48.2,1.73,0,0,129.26,49.93,1.73,0
Broome,-17.95,122.23,CESM1-CAM5,rcp85,2050,4688.46,82.4,56.1,2.5,0,0,141,58.6,2.5,0
Broome,-17.95,122.23,CESM1-CAM5,rcp85,2070,4712.3,78.8,57.27,3.17,0,0,139.24,60.44,3.17,0
Broome,-17.95,122.23,CESM1-CAM5,rcp85,2090,4915.46,78.37,61.87,4.17,0.03,0,144.44,66.07,4.2,0.03
Broome,-17.95,122.23,GFDL-ESM2M,rcp45,2030,5107.3,89.07,66.3,2.4,0.03,0,157.8,68.73,2.43,0.03
Broome,-17.95,122.23,GFDL-ESM2M,rcp45,2050,4926.95,82.87,64.53,2.23,0.03,0,149.66,66.79,2.26,0.03
Broome,-17.95,122.23,GFDL-ESM2M,rcp45,2070,5205.06,86.13,69.73,2.7,0.03,0,158.59,72.46,2.73,0.03
Broome,-17.95,122.23,GFDL-ESM2M,rcp45,2090,4927.45,78.67,67.27,2.43,0.03,0,148.4,69.73,2.46,0.03
Broome,-17.95,122.23,GFDL-ESM2M,rcp85,2030,4843.8,82.7,61.67,2.1,0.03,0,146.5,63.8,2.13,0.03
Broome,-17.95,122.23,GFDL-ESM2M,rcp85,2050,5091.14,87.77,65.3,2.73,0.03,0,155.83,68.06,2.76,0.03
Broome,-17.95,122.23,GFDL-ESM2M,rcp85,2070,5291.79,79.57,75.53,3.53,0.03,0,158.66,79.09,3.56,0.03
Broome,-17.95,122.23,GFDL-ESM2M,rcp85,2090,5704.32,84.9,80.93,5.83,0.07,0,171.73,86.83,5.9,0.07
Broome,-17.95,122.23,MIROC5,rcp45,2030,4422.29,79.13,50.67,2,0,0,131.8,52.67,2,0
Broome,-17.95,122.23,MIROC5,rcp45,2050,4428.46,78.93,50.97,2.13,0,0,132.03,53.1,2.13,0
Broome,-17.95,122.23,MIROC5,rcp45,2070,4514.48,77,55.13,2.1,0,0,134.23,57.23,2.1,0
Broome,-17.95,122.23,MIROC5,rcp45,2090,4594.48,78.33,55.77,2.57,0,0,136.67,58.34,2.57,0
Broome,-17.95,122.23,MIROC5,rcp85,2030,4364.37,79.43,49.13,1.97,0,0,130.53,51.1,1.97,0
Broome,-17.95,122.23,MIROC5,rcp85,2050,4579.96,80.5,53.87,2.53,0,0,136.9,56.4,2.53,0
Broome,-17.95,122.23,MIROC5,rcp85,2070,4593.09,76.53,56.4,2.57,0,0,135.5,58.97,2.57,0
Broome,-17.95,122.23,MIROC5,rcp85,2090,4632.93,74.63,58.33,2.97,0.03,0,135.96,61.33,3,0.03
Broome,-17.95,122.23,OBS,historical,1995,4352.56,82.27,45.9,1.47,0,0,129.64,47.37,1.47,0
Cairns,-16.87,145.75,CESM1-CAM5,rcp45,2030,1734.86,24,1.1,0,0,0,25.1,1.1,0,0
Cairns,-16.87,145.75,CESM1-CAM5,rcp45,2050,1790.48,26.43,1.17,0,0,0,27.6,1.17,0,0
Cairns,-16.87,145.75,CESM1-CAM5,rcp45,2070,1723.55,24.1,1.13,0,0,0,25.23,1.13,0,0
Cairns,-16.87,145.75,CESM1-CAM5,rcp45,2090,1757.45,25.7,1.13,0,0,0,26.83,1.13,0,0
Cairns,-16.87,145.75,CESM1-CAM5,rcp85,2030,1732.23,24.6,1.13,0,0,0,25.73,1.13,0,0
Cairns,-16.87,145.75,CESM1-CAM5,rcp85,2050,1894.4,30.53,1.27,0.03,0,0,31.83,1.3,0.03,0
Cairns,-16.87,145.75,CESM1-CAM5,rcp85,2070,1876.66,31.87,1.3,0.03,0,0,33.2,1.33,0.03,0
Cairns,-16.87,145.75,CESM1-CAM5,rcp85,2090,1906.25,33.27,1.5,0.03,0,0,34.8,1.53,0.03,0
Cairns,-16.87,145.75,GFDL-ESM2M,rcp45,2030,1900.55,29.27,1.13,0,0,0,30.4,1.13,0,0
Cairns,-16.87,145.75,GFDL-ESM2M,rcp45,2050,1900.88,29.53,1.17,0,0,0,30.7,1.17,0,0
Cairns,-16.87,145.75,GFDL-ESM2M,rcp45,2070,2108.65,35.97,1.4,0,0,0,37.37,1.4,0,0
Cairns,-16.87,145.75,GFDL-ESM2M,rcp45,2090,1836.03,27.63,1.17,0.03,0,0,28.83,1.2,0.03,0
Cairns,-16.87,145.75,GFDL-ESM2M,rcp85,2030,1948.38,31.2,1.23,0,0,0,32.43,1.23,0,0
Cairns,-16.87,145.75,GFDL-ESM2M,rcp85,2050,2044.56,34.6,1.37,0,0,0,35.97,1.37,0,0
Cairns,-16.87,145.75,GFDL-ESM2M,rcp85,2070,1890.78,32.43,1.4,0.03,0,0,33.86,1.43,0.03,0
Cairns,-16.87,145.75,GFDL-ESM2M,rcp85,2090,2053.95,38.03,1.73,0.03,0,0,39.79,1.76,0.03,0
Cairns,-16.87,145.75,MIROC5,rcp45,2030,1805.35,26.73,1.07,0.03,0,0,27.83,1.1,0.03,0
Cairns,-16.87,145.75,MIROC5,rcp45,2050,1773.64,26,1.1,0.03,0,0,27.13,1.13,0.03,0
Cairns,-16.87,145.75,MIROC5,rcp45,2070,1806,27.2,1.13,0.03,0,0,28.36,1.16,0.03,0
Cairns,-16.87,145.75,MIROC5,rcp45,2090,1912.95,31.37,1.27,0.03,0,0,32.67,1.3,0.03,0
Cairns,-16.87,145.75,MIROC5,rcp85,2030,1858.19,28.8,1.1,0.03,0,0,29.93,1.13,0.03,0
Cairns,-16.87,145.75,MIROC5,rcp85,2050,1889.11,30.6,1.37,0.03,0,0,32,1.4,0.03,0
Cairns,-16.87,145.75,MIROC5,rcp85,2070,1928.18,32.03,1.37,0.03,0,0,33.43,1.4,0.03,0
Cairns,-16.87,145.75,MIROC5,rcp85,2090,1926.55,32.8,1.57,0.03,0,0,34.4,1.6,0.03,0
Cairns,-16.87,145.75,OBS,historical,1995,1745.16,22.43,1,0,0,0,23.43,1,0,0
Canberra,-35.3,149.2,CESM1-CAM5,rcp45,2030,2704.06,45.77,18.5,1.9,0.2,0.03,66.4,20.63,2.13,0.23
Canberra,-35.3,149.2,CESM1-CAM5,rcp45,2050,2947.78,51.4,21.23,2.17,0.17,0.1,75.07,23.67,2.44,0.27
Canberra,-35.3,149.2,CESM1-CAM5,rcp45,2070,3008.64,51.87,21.97,2.27,0.17,0.1,76.38,24.51,2.54,0.27
Canberra,-35.3,149.2,CESM1-CAM5,rcp45,2090,3138.18,54,23.7,2.57,0.33,0.1,80.7,26.7,3,0.43
Canberra,-35.3,149.2,CESM1-CAM5,rcp85,2030,2859.74,49.53,19.93,2.13,0.2,0.03,71.82,22.29,2.36,0.23
Canberra,-35.3,149.2,CESM1-CAM5,rcp85,2050,3081.01,53.03,22.93,2.33,0.23,0.1,78.62,25.59,2.66,0.33
Canberra,-35.3,149.2,CESM1-CAM5,rcp85,2070,3331.35,57.77,25.43,3.13,0.4,0.1,86.83,29.06,3.63,0.5
Canberra,-35.3,149.2,CESM1-CAM5,rcp85,2090,3804.3,65.03,30.8,4.87,0.6,0.23,101.53,36.5,5.7,0.83
Canberra,-35.3,149.2,GFDL-ESM2M,rcp45,2030,3433.41,63.5,25,2.83,0.33,0.1,91.76,28.26,3.26,0.43
Canberra,-35.3,149.2,GFDL-ESM2M,rcp45,2050,2993.3,50.47,21.17,2.23,0.23,0.1,74.2,23.73,2.56,0.33
Canberra,-35.3,149.2,GFDL-ESM2M,rcp45,2070,3790.16,72.3,29.43,3.53,0.47,0.1,105.83,33.53,4.1,0.57
Canberra,-35.3,149.2,GFDL-ESM2M,rcp45,2090,3229.22,59.4,22.67,2.3,0.27,0.1,84.74,25.34,2.67,0.37
Canberra,-35.3,149.2,GFDL-ESM2M,rcp85,2030,3025.61,53.57,19.63,2,0.23,0.07,75.5,21.93,2.3,0.3
Canberra,-35.3,149.2,GFDL-ESM2M,rcp85,2050,3393.49,61.77,25.37,2.77,0.4,0.1,90.41,28.64,3.27,0.5
Canberra,-35.3,149.2,GFDL-ESM2M,rcp85,2070,3704.32,70.17,27.67,3.33,0.47,0.1,101.74,31.57,3.9,0.57
Canberra,-35.3,149.2,GFDL-ESM2M,rcp85,2090,4595.75,87.3,40.03,5.87,1.03,0.23,134.46,47.16,7.13,1.26
Canberra,-35.3,149.2,MIROC5,rcp45,2030,2737.64,48.53,18.5,1.7,0.17,0.07,68.97,20.44,1.94,0.24
Canberra,-35.3,149.2,MIROC5,rcp45,2050,2754.37,48.67,18.83,1.77,0.13,0.07,69.47,20.8,1.97,0.2
Canberra,-35.3,149.2,MIROC5,rcp45,2070,2740.45,47.77,19.23,1.87,0.23,0.03,69.13,21.36,2.13,0.26
Canberra,-35.3,149.2,MIROC5,rcp45,2090,2963.92,52.63,21.77,2.17,0.2,0.1,76.87,24.24,2.47,0.3
Canberra,-35.3,149.2,MIROC5,rcp85,2030,2748.67,47.5,18.73,1.73,0.17,0.07,68.2,20.7,1.97,0.24
Canberra,-35.3,149.2,MIROC5,rcp85,2050,2784.63,47.9,19.4,1.9,0.2,0.07,69.47,21.57,2.17,0.27
Canberra,-35.3,149.2,MIROC5,rcp85,2070,2852.81,49.6,20.43,2.03,0.2,0.1,72.36,22.76,2.33,0.3
Canberra,-35.3,149.2,MIROC5,rcp85,2090,2796.62,47.93,20.3,2.07,0.23,0.1,70.63,22.7,2.4,0.33
Canberra,-35.3,149.2,OBS,historical,1995,2634.83,45.37,16.07,1.43,0.2,0,63.07,17.7,1.63,0.2
Carnarvon,-24.89,113.67,CESM1-CAM5,rcp45,2030,3731.3,85.53,15.2,0.77,0.13,0,101.63,16.1,0.9,0.13
Carnarvon,-24.89,113.67,CESM1-CAM5,rcp45,2050,4211.59,108.37,20.67,1.27,0.13,0,130.44,22.07,1.4,0.13
Carnarvon,-24.89,113.67,CESM1-CAM5,rcp45,2070,4344.27,110.83,23,1.4,0.17,0,135.4,24.57,1.57,0.17
Carnarvon,-24.89,113.67,CESM1-CAM5,rcp45,2090,4380.61,113.37,24.3,1.5,0.17,0,139.34,25.97,1.67,0.17
Carnarvon,-24.89,113.67,CESM1-CAM5,rcp85,2030,3839.67,91.03,16.1,0.87,0.13,0,108.13,17.1,1,0.13
Carnarvon,-24.89,113.67,CESM1-CAM5,rcp85,2050,4734.72,131.4,28.93,1.73,0.17,0.03,162.26,30.86,1.93,0.2
Carnarvon,-24.89,113.67,CESM1-CAM5,rcp85,2070,4465.06,118.67,25.73,1.7,0.17,0.03,146.3,27.63,1.9,0.2
Carnarvon,-24.89,113.67,CESM1-CAM5,rcp85,2090,4846.12,136.63,32.2,2.17,0.2,0.07,171.27,34.64,2.44,0.27
Carnarvon,-24.89,113.67,GFDL-ESM2M,rcp45,2030,5843.34,188.73,49.1,2.8,0.33,0.07,241.03,52.3,3.2,0.4
Carnarvon,-24.89,113.67,GFDL-ESM2M,rcp45,2050,4641.11,132.4,27.5,1.33,0.13,0,161.36,28.96,1.46,0.13
Carnarvon,-24.89,113.67,GFDL-ESM2M,rcp45,2070,5603.94,181.43,43.43,2.33,0.13,0.03,227.35,45.92,2.49,0.16
Carnarvon,-24.89,113.67,GFDL-ESM2M,rcp45,2090,4671.55,130.47,28.6,1.43,0.13,0,160.63,30.16,1.56,0.13
Carnarvon,-24.89,113.67,GFDL-ESM2M,rcp85,2030,4760.88,140.3,28.1,1.57,0.1,0.03,170.1,29.8,1.7,0.13
Carnarvon,-24.89,113.67,GFDL-ESM2M,rcp85,2050,5494.01,177.63,41.87,2.17,0.17,0.07,221.91,44.28,2.41,0.24
Carnarvon,-24.89,113.67,GFDL-ESM2M,rcp85,2070,5303.81,166.1,38.03,2.3,0.17,0.07,206.67,40.57,2.54,0.24
Carnarvon,-24.89,113.67,GFDL-ESM2M,rcp85,2090,6420.89,204.43,61.17,3.73,0.4,0.1,269.83,65.4,4.23,0.5
Carnarvon,-24.89,113.67,MIROC5,rcp45,2030,3716.39,85.33,14.6,0.77,0.13,0,100.83,15.5,0.9,0.13
Carnarvon,-24.89,113.67,MIROC5,rcp45,2050,3660.9,82.67,14.47,0.77,0.13,0,98.04,15.37,0.9,0.13
Carnarvon,-24.89,113.67,MIROC5,rcp45,2070,3575.01,79.7,13.6,0.73,0.13,0,94.16,14.46,0.86,0.13
Carnarvon,-24.89,113.67,MIROC5,rcp45,2090,3774.58,88.1,15.5,0.97,0.13,0,104.7,16.6,1.1,0.13
Carnarvon,-24.89,113.67,MIROC5,rcp85,2030,3700.06,84.07,14.7,0.77,0.13,0,99.67,15.6,0.9,0.13
Carnarvon,-24.89,113.67,MIROC5,rcp85,2050,3854.87,90.4,16.67,0.83,0.13,0,108.03,17.63,0.96,0.13
Carnarvon,-24.89,113.67,MIROC5,rcp85,2070,3824.67,88.57,17.27,1.03,0.17,0,107.04,18.47,1.2,0.17
Carnarvon,-24.89,113.67,MIROC5,rcp85,2090,3623.83,81.07,14.57,0.9,0.13,0,96.67,15.6,1.03,0.13
Carnarvon,-24.89,113.67,OBS,historical,1995,3583.31,79.5,12.43,0.6,0.13,0,92.66,13.16,0.73,0.13
Ceduna,-32.13,133.7,CESM1-CAM5,rcp45,2030,4932.2,71.47,37.97,11.13,3.03,0.8,124.4,52.93,14.96,3.83
Ceduna,-32.13,133.7,CESM1-CAM5,rcp45,2050,5173.54,76.5,39.17,11.97,3.63,0.9,132.17,55.67,16.5,4.53
Ceduna,-32.13,133.7,CESM1-CAM5,rcp45,2070,5238.17,77.13,39.13,12.67,3.57,1.1,133.6,56.47,17.34,4.67
Ceduna,-32.13,133.7,CESM1-CAM5,rcp45,2090,5370.79,79.57,39.57,13.03,3.87,1.23,137.27,57.7,18.13,5.1
Ceduna,-32.13,133.7,CESM1-CAM5,rcp85,2030,4986.74,71.57,38.27,11.63,3.1,0.77,125.34,53.77,15.5,3.87
Ceduna,-32.13,133.7,CESM1-CAM5,rcp85,2050,5366.58,81.5,39.93,12.97,3.57,1.2,139.17,57.67,17.74,4.77
Ceduna,-32.13,133.7,CESM1-CAM5,rcp85,2070,5554.28,85.57,40.47,13.4,4.47,1.43,145.34,59.77,19.3,5.9
Ceduna,-32.13,133.7,CESM1-CAM5,rcp85,2090,5917.5,93.87,42.9,14.57,5.1,1.93,158.37,64.5,21.6,7.03
Ceduna,-32.13,133.7,GFDL-ESM2M,rcp45,2030,5963.9,103.47,44.6,13.97,4.4,1.47,167.91,64.44,19.84,5.87
Ceduna,-32.13,133.7,GFDL-ESM2M,rcp45,2050,5494.47,86.1,41.43,12.7,3.87,1.27,145.37,59.27,17.84,5.14
Ceduna,-32.13,133.7,GFDL-ESM2M,rcp45,2070,5923.71,99.9,44.1,14.1,4.53,1.53,164.16,64.26,20.16,6.06
Ceduna,-32.13,133.7,GFDL-ESM2M,rcp45,2090,5441.8,81.57,41.33,13.1,3.6,1.13,140.73,59.16,17.83,4.73
Ceduna,-32.13,133.7,GFDL-ESM2M,rcp85,2030,5452.14,84.37,41.27,13.03,3.37,1.13,143.17,58.8,17.53,4.5
Ceduna,-32.13,133.7,GFDL-ESM2M,rcp85,2050,5755.29,93.9,42.8,13.57,4.37,1.47,156.11,62.21,19.41,5.84
Ceduna,-32.13,133.7,GFDL-ESM2M,rcp85,2070,5914.33,96.17,43.5,13.93,4.7,1.73,160.03,63.86,20.36,6.43
Ceduna,-32.13,133.7,GFDL-ESM2M,rcp85,2090,6453.48,112.7,47.07,15.63,5.27,2.43,183.1,70.4,23.33,7.7
Ceduna,-32.13,133.7,MIROC5,rcp45,2030,4926,70.07,37.93,11.87,2.8,0.73,123.4,53.33,15.4,3.53
Ceduna,-32.13,133.7,MIROC5,rcp45,2050,4880.19,68.63,37.73,11.67,2.7,0.7,121.43,52.8,15.07,3.4
Ceduna,-32.13,133.7,MIROC5,rcp45,2070,4934.73,69.87,37.77,11.87,2.9,0.77,123.18,53.31,15.54,3.67
Ceduna,-32.13,133.7,MIROC5,rcp45,2090,5042.46,71.9,38.73,12.4,2.97,0.8,126.8,54.9,16.17,3.77
Ceduna,-32.13,133.7,MIROC5,rcp85,2030,4827.16,68.1,37.33,11.4,2.63,0.67,120.13,52.03,14.7,3.3
Ceduna,-32.13,133.7,MIROC5,rcp85,2050,4990.04,71.77,37.97,12.13,3,0.77,125.64,53.87,15.9,3.77
Ceduna,-32.13,133.7,MIROC5,rcp85,2070,4934.41,69.13,37.9,12.03,2.87,0.73,122.66,53.53,15.63,3.6
Ceduna,-32.13,133.7,MIROC5,rcp85,2090,4938.36,68.4,37.47,12.13,3.27,0.73,122,53.6,16.13,4
Ceduna,-32.13,133.7,OBS,historical,1995,4848.72,67.63,36.77,11.07,2.63,0.67,118.77,51.14,14.37,3.3
Charleville,-26.42,146.25,CESM1-CAM5,rcp45,2030,6404.71,132.7,84.57,8.03,0.23,0,225.53,92.83,8.26,0.23
Charleville,-26.42,146.25,CESM1-CAM5,rcp45,2050,6877.98,127.1,95.7,10.77,0.57,0,234.14,107.04,11.34,0.57
Charleville,-26.42,146.25,CESM1-CAM5,rcp45,2070,6779.33,128.43,94.77,9.57,0.43,0,233.2,104.77,10,0.43
Charleville,-26.42,146.25,CESM1-CAM5,rcp45,2090,6993.74,126.23,100.17,10.83,0.6,0,237.83,111.6,11.43,0.6
Charleville,-26.42,146.25,CESM1-CAM5,rcp85,2030,6544.98,127.73,90.2,8.13,0.4,0,226.46,98.73,8.53,0.4
Charleville,-26.42,146.25,CESM1-CAM5,rcp85,2050,7465.36,128.93,109.43,12.43,0.83,0,251.62,122.69,13.26,0.83
Charleville,-26.42,146.25,CESM1-CAM5,rcp85,2070,7399.17,124.1,108.07,13.13,0.83,0.03,246.16,122.06,13.99,0.86
Charleville,-26.42,146.25,CESM1-CAM5,rcp85,2090,7788.8,122.57,114.3,16.17,1.23,0.07,254.34,131.77,17.47,1.3
Charleville,-26.42,146.25,GFDL-ESM2M,rcp45,2030,8661.58,128.9,135.17,18.17,1.33,0.17,283.74,154.84,19.67,1.5
Charleville,-26.42,146.25,GFDL-ESM2M,rcp45,2050,7501.4,137.4,108.6,12.27,0.83,0,259.1,121.7,13.1,0.83
Charleville,-26.42,146.25,GFDL-ESM2M,rcp45,2070,9126.48,123.43,142.93,22.4,1.8,0.17,290.73,167.3,24.37,1.97
Charleville,-26.42,146.25,GFDL-ESM2M,rcp45,2090,7682.47,133.37,116.87,12.13,0.53,0.07,262.97,129.6,12.73,0.6
Charleville,-26.42,146.25,GFDL-ESM2M,rcp85,2030,7894,130.73,122.87,13.23,0.77,0.07,267.67,136.94,14.07,0.84
Charleville,-26.42,146.25,GFDL-ESM2M,rcp85,2050,8823.53,119.17,136.9,21.17,1.9,0.17,279.31,160.14,23.24,2.07
Charleville,-26.42,146.25,GFDL-ESM2M,rcp85,2070,8870.88,121.77,142.37,19.23,1.8,0.17,285.34,163.57,21.2,1.97
Charleville,-26.42,146.25,GFDL-ESM2M,rcp85,2090,10112.63,109.7,161.2,30.17,3.3,0.3,304.67,194.97,33.77,3.6
Charleville,-26.42,146.25,MIROC5,rcp45,2030,6499.33,130.7,88.87,7.67,0.3,0,227.54,96.84,7.97,0.3
Charleville,-26.42,146.25,MIROC5,rcp45,2050,6400.76,129.53,84.93,8.17,0.33,0,222.96,93.43,8.5,0.33
Charleville,-26.42,146.25,MIROC5,rcp45,2070,6524.42,132,88.1,8.3,0.3,0,228.7,96.7,8.6,0.3
Charleville,-26.42,146.25,MIROC5,rcp45,2090,6822.85,129.5,95.87,9.5,0.47,0,235.34,105.84,9.97,0.47
Charleville,-26.42,146.25,MIROC5,rcp85,2030,6532.95,129.07,88.8,8.63,0.33,0,226.83,97.76,8.96,0.33
Charleville,-26.42,146.25,MIROC5,rcp85,2050,6772.58,129.33,93.5,9.73,0.47,0,233.03,103.7,10.2,0.47
Charleville,-26.42,146.25,MIROC5,rcp85,2070,6556.09,129.03,90,8.5,0.37,0,227.9,98.87,8.87,0.37
Charleville,-26.42,146.25,MIROC5,rcp85,2090,6626.99,128.5,91.57,9.13,0.4,0,229.6,101.1,9.53,0.4
Charleville,-26.42,146.25,OBS,historical,1995,6416.14,129.5,84.93,7.07,0.2,0,221.7,92.2,7.27,0.2
Cobar,-31.49,145.83,CESM1-CAM5,rcp45,2030,5145.28,105.67,55.97,5.4,0.57,0.1,167.71,62.04,6.07,0.67
Cobar,-31.49,145.83,CESM1-CAM5,rcp45,2050,5694.18,110.63,66.67,7.5,0.9,0.13,185.83,75.2,8.53,1.03
Cobar,-31.49,145.83,CESM1-CAM5,rcp45,2070,5828.52,112.07,69.2,8.07,1.03,0.13,190.5,78.43,9.23,1.16
Cobar,-31.49,145.83,CESM1-CAM5,rcp45,2090,5921.39,112.43,71.6,8.5,0.97,0.13,193.63,81.2,9.6,1.1
Cobar,-31.49,145.83,CESM1-CAM5,rcp85,2030,5288.46,107.63,59.3,5.83,0.63,0.1,173.49,65.86,6.56,0.73
Cobar,-31.49,145.83,CESM1-CAM5,rcp85,2050,6207.72,117.2,76.3,9.37,0.97,0.2,204.04,86.84,10.54,1.17
Cobar,-31.49,145.83,CESM1-CAM5,rcp85,2070,6083.5,108.63,74.37,10.27,1.17,0.17,194.61,85.98,11.61,1.34
Cobar,-31.49,145.83,CESM1-CAM5,rcp85,2090,6473.63,115.1,80.07,12.07,1.5,0.2,208.94,93.84,13.77,1.7
Cobar,-31.49,145.83,GFDL-ESM2M,rcp45,2030,7072.96,120.87,94.5,12.33,1.27,0.23,229.2,108.33,13.83,1.5
Cobar,-31.49,145.83,GFDL-ESM2M,rcp45,2050,6048.31,119.2,71.37,8.87,0.9,0.13,200.47,81.27,9.9,1.03
Cobar,-31.49,145.83,GFDL-ESM2M,rcp45,2070,6976.64,119.27,90.1,13.4,1.3,0.27,224.34,105.07,14.97,1.57
Cobar,-31.49,145.83,GFDL-ESM2M,rcp45,2090,6112.42,121.1,73.53,8.63,0.9,0.13,204.29,83.19,9.66,1.03
Cobar,-31.49,145.83,GFDL-ESM2M,rcp85,2030,6121.52,120.8,73.7,8.63,0.97,0.17,204.27,83.47,9.77,1.14
Cobar,-31.49,145.83,GFDL-ESM2M,rcp85,2050,6884.06,117.63,89.73,12.7,1.5,0.27,221.83,104.2,14.47,1.77
Cobar,-31.49,145.83,GFDL-ESM2M,rcp85,2070,6790.91,120.9,85.63,12.33,1.43,0.27,220.56,99.66,14.03,1.7
Cobar,-31.49,145.83,GFDL-ESM2M,rcp85,2090,7760.46,122.5,105.07,16.5,2.2,0.5,246.77,124.27,19.2,2.7
Cobar,-31.49,145.83,MIROC5,rcp45,2030,5208.15,106.2,58.93,5.37,0.57,0.1,171.17,64.97,6.04,0.67
Cobar,-31.49,145.83,MIROC5,rcp45,2050,5186.8,104.97,58.67,5.3,0.57,0.1,169.61,64.64,5.97,0.67
Cobar,-31.49,145.83,MIROC5,rcp45,2070,5091.15,104.13,56.4,5.23,0.53,0.1,166.39,62.26,5.86,0.63
Cobar,-31.49,145.83,MIROC5,rcp45,2090,5333.96,104.5,61.63,6.67,0.63,0.1,173.53,69.03,7.4,0.73
Cobar,-31.49,145.83,MIROC5,rcp85,2030,5181.2,106.1,57.6,5.37,0.6,0.1,169.77,63.67,6.07,0.7
Cobar,-31.49,145.83,MIROC5,rcp85,2050,5388.42,106.27,62.23,6.63,0.67,0.1,175.9,69.63,7.4,0.77
Cobar,-31.49,145.83,MIROC5,rcp85,2070,5414.95,105.53,63.63,6.73,0.7,0.1,176.69,71.16,7.53,0.8
Cobar,-31.49,145.83,MIROC5,rcp85,2090,5275.23,103.53,59.7,6.97,0.73,0.1,171.03,67.5,7.8,0.83
Cobar,-31.49,145.83,OBS,historical,1995,5072.79,105.4,53.27,4.6,0.4,0.1,163.77,58.37,5.1,0.5
Coffs-Harbour,-30.31,153.12,CESM1-CAM5,rcp45,2030,1312.32,9.5,1.37,0.13,0.07,0,11.07,1.57,0.2,0.07
Coffs-Harbour,-30.31,153.12,CESM1-CAM5,rcp45,2050,1363.27,10.43,1.7,0.17,0.03,0.03,12.36,1.93,0.23,0.06
Coffs-Harbour,-30.31,153.12,CESM1-CAM5,rcp45,2070,1375.13,11.07,1.57,0.13,0.07,0.03,12.87,1.8,0.23,0.1
Coffs-Harbour,-30.31,153.12,CESM1-CAM5,rcp45,2090,1486.15,12.5,2.2,0.13,0.07,0.03,14.93,2.43,0.23,0.1
Coffs-Harbour,-30.31,153.12,CESM1-CAM5,rcp85,2030,1409.52,11.17,1.77,0.13,0.07,0.03,13.17,2,0.23,0.1
Coffs-Harbour,-30.31,153.12,CESM1-CAM5,rcp85,2050,1451.86,12.43,1.87,0.13,0.1,0.03,14.56,2.13,0.26,0.13
Coffs-Harbour,-30.31,153.12,CESM1-CAM5,rcp85,2070,1575.71,16.43,2.1,0.2,0.13,0.03,18.89,2.46,0.36,0.16
Coffs-Harbour,-30.31,153.12,CESM1-CAM5,rcp85,2090,1816.85,23.43,2.8,0.23,0.17,0.03,26.66,3.23,0.43,0.2
Coffs-Harbour,-30.31,153.12,GFDL-ESM2M,rcp45,2030,1467.66,11.9,1.9,0.13,0.1,0,14.03,2.13,0.23,0.1
Coffs-Harbour,-30.31,153.12,GFDL-ESM2M,rcp45,2050,1451.51,11.93,2.07,0.13,0.1,0,14.23,2.3,0.23,0.1
Coffs-Harbour,-30.31,153.12,GFDL-ESM2M,rcp45,2070,1640.23,16.3,1.97,0.23,0.1,0.03,18.63,2.33,0.36,0.13
Coffs-Harbour,-30.31,153.12,GFDL-ESM2M,rcp45,2090,1607.19,16.3,2.03,0.17,0.17,0,18.67,2.37,0.34,0.17
Coffs-Harbour,-30.31,153.12,GFDL-ESM2M,rcp85,2030,1551.53,14.37,2.1,0.17,0.1,0.03,16.77,2.4,0.3,0.13
Coffs-Harbour,-30.31,153.12,GFDL-ESM2M,rcp85,2050,1688.04,18.4,2.23,0.2,0.13,0.03,20.99,2.59,0.36,0.16
Coffs-Harbour,-30.31,153.12,GFDL-ESM2M,rcp85,2070,1709.27,19.13,2.3,0.23,0.13,0.03,21.82,2.69,0.39,0.16
Coffs-Harbour,-30.31,153.12,GFDL-ESM2M,rcp85,2090,2058.43,32.6,3.83,0.4,0.03,0.13,36.99,4.39,0.56,0.16
Coffs-Harbour,-30.31,153.12,MIROC5,rcp45,2030,1283.89,9.47,1.73,0.13,0.07,0,11.4,1.93,0.2,0.07
Coffs-Harbour,-30.31,153.12,MIROC5,rcp45,2050,1365.37,10.47,1.93,0.17,0.07,0,12.64,2.17,0.24,0.07
Coffs-Harbour,-30.31,153.12,MIROC5,rcp45,2070,1273.29,9.33,1.63,0.13,0.07,0,11.16,1.83,0.2,0.07
Coffs-Harbour,-30.31,153.12,MIROC5,rcp45,2090,1340.01,9.87,1.8,0.17,0.07,0,11.91,2.04,0.24,0.07
Coffs-Harbour,-30.31,153.12,MIROC5,rcp85,2030,1390.29,10.97,1.87,0.17,0.07,0,13.08,2.11,0.24,0.07
Coffs-Harbour,-30.31,153.12,MIROC5,rcp85,2050,1387.49,11.17,1.87,0.17,0.07,0,13.28,2.11,0.24,0.07
Coffs-Harbour,-30.31,153.12,MIROC5,rcp85,2070,1330.6,10.27,1.63,0.13,0.07,0,12.1,1.83,0.2,0.07
Coffs-Harbour,-30.31,153.12,MIROC5,rcp85,2090,1359.28,10.83,2,0.13,0.07,0,13.03,2.2,0.2,0.07
Coffs-Harbour,-30.31,153.12,OBS,historical,1995,1288.29,8.17,1.4,0.13,0.07,0,9.77,1.6,0.2,0.07
Darwin,-12.42,130.89,CESM1-CAM5,rcp45,2030,3048.98,83.57,18.13,0.37,0,0,102.07,18.5,0.37,0
Darwin,-12.42,130.89,CESM1-CAM5,rcp45,2050,3166.78,87.5,19.77,0.43,0,0,107.7,20.2,0.43,0
Darwin,-12.42,130.89,CESM1-CAM5,rcp45,2070,3218.8,86.53,22.7,0.43,0,0,109.66,23.13,0.43,0
Darwin,-12.42,130.89,CESM1-CAM5,rcp45,2090,3202.36,87.37,21.57,0.43,0,0,109.37,22,0.43,0
Darwin,-12.42,130.89,CESM1-CAM5,rcp85,2030,3128.15,85.03,19.93,0.4,0,0,105.36,20.33,0.4,0
Darwin,-12.42,130.89,CESM1-CAM5,rcp85,2050,3459.11,96.13,25.87,0.47,0,0,122.47,26.34,0.47,0
Darwin,-12.42,130.89,CESM1-CAM5,rcp85,2070,3405.91,91.37,27.2,0.63,0,0,119.2,27.83,0.63,0
Darwin,-12.42,130.89,CESM1-CAM5,rcp85,2090,3568.79,95.23,31.17,0.93,0,0,127.33,32.1,0.93,0
Darwin,-12.42,130.89,GFDL-ESM2M,rcp45,2030,3910.66,105.07,36.97,0.57,0,0,142.61,37.54,0.57,0
Darwin,-12.42,130.89,GFDL-ESM2M,rcp45,2050,3762.76,101.8,34.67,0.53,0,0,137,35.2,0.53,0
Darwin,-12.42,130.89,GFDL-ESM2M,rcp45,2070,3990.75,107.1,39.77,0.63,0,0,147.5,40.4,0.63,0
Darwin,-12.42,130.89,GFDL-ESM2M,rcp45,2090,3727.03,97,37.37,0.63,0,0,135,38,0.63,0
Darwin,-12.42,130.89,GFDL-ESM2M,rcp85,2030,3623.21,98.93,31.83,0.47,0,0,131.23,32.3,0.47,0
Darwin,-12.42,130.89,GFDL-ESM2M,rcp85,2050,3800.55,104.43,34.13,0.53,0,0,139.09,34.66,0.53,0
Darwin,-12.42,130.89,GFDL-ESM2M,rcp85,2070,4054.67,103.4,45.27,0.77,0,0,149.44,46.04,0.77,0
Darwin,-12.42,130.89,GFDL-ESM2M,rcp85,2090,4407.97,109,53.93,1.1,0,0,164.03,55.03,1.1,0
Darwin,-12.42,130.89,MIROC5,rcp45,2030,3220.2,87.33,22.77,0.47,0,0,110.57,23.24,0.47,0
Darwin,-12.42,130.89,MIROC5,rcp45,2050,3224.49,87.6,22.9,0.5,0,0,111,23.4,0.5,0
Darwin,-12.42,130.89,MIROC5,rcp45,2070,3293.69,87.07,25.53,0.5,0,0,113.1,26.03,0.5,0
Darwin,-12.42,130.89,MIROC5,rcp45,2090,3365.4,91.37,25.97,0.57,0,0,117.91,26.54,0.57,0
Darwin,-12.42,130.89,MIROC5,rcp85,2030,3160.97,86.67,21.27,0.47,0,0,108.41,21.74,0.47,0
Darwin,-12.42,130.89,MIROC5,rcp85,2050,3356.32,92.23,25.4,0.57,0,0,118.2,25.97,0.57,0
Darwin,-12.42,130.89,MIROC5,rcp85,2070,3332.32,88.7,25.53,0.57,0,0,114.8,26.1,0.57,0
Darwin,-12.42,130.89,MIROC5,rcp85,2090,3350.95,87.13,27.9,0.63,0,0,115.66,28.53,0.63,0
Darwin,-12.42,130.89,OBS,historical,1995,3186.54,86.87,18.97,0.37,0,0,106.21,19.34,0.37,0
Dubbo,-32.22,148.58,CESM1-CAM5,rcp45,2030,3539.88,82.73,25.93,2.2,0.27,0,111.13,28.4,2.47,0.27
Dubbo,-32.22,148.58,CESM1-CAM5,rcp45,2050,3777.57,85.73,30.83,2.77,0.23,0.1,119.66,33.93,3.1,0.33
Dubbo,-32.22,148.58,CESM1-CAM5,rcp45,2070,3868.73,86.37,33.5,3.13,0.27,0.1,123.37,37,3.5,0.37
Dubbo,-32.22,148.58,CESM1-CAM5,rcp45,2090,4042.33,90.07,34.97,3.73,0.4,0.1,129.27,39.2,4.23,0.5
Dubbo,-32.22,148.58,CESM1-CAM5,rcp85,2030,3830.98,86.23,32.47,3.07,0.3,0.1,122.17,35.94,3.47,0.4
Dubbo,-32.22,148.58,CESM1-CAM5,rcp85,2050,3938.88,88.1,33.27,3.57,0.4,0.13,125.47,37.37,4.1,0.53
Dubbo,-32.22,148.58,CESM1-CAM5,rcp85,2070,4222.39,90.53,37.53,4.53,0.6,0.17,133.36,42.83,5.3,0.77
Dubbo,-32.22,148.58,CESM1-CAM5,rcp85,2090,4809.95,94.57,48.23,6.5,0.97,0.2,150.47,55.9,7.67,1.17
Dubbo,-32.22,148.58,GFDL-ESM2M,rcp45,2030,4305.61,96.77,36.97,3.87,0.37,0.13,138.11,41.34,4.37,0.5
Dubbo,-32.22,148.58,GFDL-ESM2M,rcp45,2050,4192.6,93.37,35.7,3.83,0.37,0.1,133.37,40,4.3,0.47
Dubbo,-32.22,148.58,GFDL-ESM2M,rcp45,2070,5076.06,109.87,51.73,5.73,0.6,0.17,168.1,58.23,6.5,0.77
Dubbo,-32.22,148.58,GFDL-ESM2M,rcp45,2090,4694.47,106.3,44.2,4.77,0.47,0.17,155.91,49.61,5.41,0.64
Dubbo,-32.22,148.58,GFDL-ESM2M,rcp85,2030,4506.59,98.33,41.53,4.53,0.47,0.13,144.99,46.66,5.13,0.6
Dubbo,-32.22,148.58,GFDL-ESM2M,rcp85,2050,5139.39,106.03,52.27,6.77,1.03,0.2,166.3,60.27,8,1.23
Dubbo,-32.22,148.58,GFDL-ESM2M,rcp85,2070,5270.39,110.47,54,6.43,1.27,0.3,172.47,62,8,1.57
Dubbo,-32.22,148.58,GFDL-ESM2M,rcp85,2090,6281.38,121.7,70.77,10.13,2.03,0.7,205.33,83.63,12.86,2.73
Dubbo,-32.22,148.58,MIROC5,rcp45,2030,3475.12,80.07,25.83,2.2,0.3,0.03,108.43,28.36,2.53,0.33
Dubbo,-32.22,148.58,MIROC5,rcp45,2050,3682.53,84.07,29.27,2.63,0.43,0.1,116.5,32.43,3.16,0.53
Dubbo,-32.22,148.58,MIROC5,rcp45,2070,3476.79,79.83,26.03,2.2,0.27,0.07,108.4,28.57,2.54,0.34
Dubbo,-32.22,148.58,MIROC5,rcp45,2090,3757.32,85.67,30.5,2.93,0.3,0.1,119.5,33.83,3.33,0.4
Dubbo,-32.22,148.58,MIROC5,rcp85,2030,3739.6,84.3,30.03,2.73,0.4,0.13,117.59,33.29,3.26,0.53
Dubbo,-32.22,148.58,MIROC5,rcp85,2050,3766.44,84.83,30.03,2.93,0.37,0.13,118.29,33.46,3.43,0.5
Dubbo,-32.22,148.58,MIROC5,rcp85,2070,3691.08,84.23,28.97,2.77,0.33,0.07,116.37,32.14,3.17,0.4
Dubbo,-32.22,148.58,MIROC5,rcp85,2090,3634.02,81.83,28.4,3.03,0.33,0.1,113.69,31.86,3.46,0.43
Dubbo,-32.22,148.58,OBS,historical,1995,3467.07,80.33,24.83,2.03,0.23,0,107.42,27.09,2.26,0.23
Esperance,-33.83,121.89,CESM1-CAM5,rcp45,2030,2106.75,23.1,7.6,1.57,0.2,0.07,32.54,9.44,1.84,0.27
Esperance,-33.83,121.89,CESM1-CAM5,rcp45,2050,2290.17,27.13,8.07,1.9,0.27,0.1,37.47,10.34,2.27,0.37
Esperance,-33.83,121.89,CESM1-CAM5,rcp45,2070,2504.75,33.33,9.23,2.1,0.43,0.1,45.19,11.86,2.63,0.53
Esperance,-33.83,121.89,CESM1-CAM5,rcp45,2090,2515.94,33.1,9.1,2.3,0.5,0.1,45.1,12,2.9,0.6
Esperance,-33.83,121.89,CESM1-CAM5,rcp85,2030,2232.7,25.7,7.97,1.8,0.3,0.1,35.87,10.17,2.2,0.4
Esperance,-33.83,121.89,CESM1-CAM5,rcp85,2050,2762.13,42.37,9.8,2.23,0.7,0.13,55.23,12.86,3.06,0.83
Esperance,-33.83,121.89,CESM1-CAM5,rcp85,2070,2762.13,42.37,9.8,2.23,0.7,0.13,55.23,12.86,3.06,0.83
Esperance,-33.83,121.89,CESM1-CAM5,rcp85,2090,2932.1,45.07,10.7,2.87,0.77,0.3,59.71,14.64,3.94,1.07
Esperance,-33.83,121.89,GFDL-ESM2M,rcp45,2030,2847.41,44.43,10.03,2.3,0.5,0.1,57.36,12.93,2.9,0.6
Esperance,-33.83,121.89,GFDL-ESM2M,rcp45,2050,2554.77,31.4,8.97,1.83,0.37,0.1,42.67,11.27,2.3,0.47
Esperance,-33.83,121.89,GFDL-ESM2M,rcp45,2070,2905.27,43.8,10.23,2.37,0.57,0.17,57.14,13.34,3.11,0.74
Esperance,-33.83,121.89,GFDL-ESM2M,rcp45,2090,2603.41,32.4,9.07,2.07,0.43,0.1,44.07,11.67,2.6,0.53
Esperance,-33.83,121.89,GFDL-ESM2M,rcp85,2030,2454.52,29.5,8.73,1.83,0.3,0.07,40.43,10.93,2.2,0.37
Esperance,-33.83,121.89,GFDL-ESM2M,rcp85,2050,2986.91,46.93,10.4,2.6,0.6,0.17,60.7,13.77,3.37,0.77
Esperance,-33.83,121.89,GFDL-ESM2M,rcp85,2070,2986.91,46.93,10.4,2.6,0.6,0.17,60.7,13.77,3.37,0.77
Esperance,-33.83,121.89,GFDL-ESM2M,rcp85,2090,3650.38,69.87,14.1,3.7,0.77,0.33,88.77,18.9,4.8,1.1
Esperance,-33.83,121.89,MIROC5,rcp45,2030,2188.31,24.5,7.7,1.73,0.2,0.07,34.2,9.7,2,0.27
Esperance,-33.83,121.89,MIROC5,rcp45,2050,2224.69,25.83,7.73,1.93,0.23,0.1,35.82,9.99,2.26,0.33
Esperance,-33.83,121.89,MIROC5,rcp45,2070,2241.88,25.87,8,1.93,0.27,0.07,36.14,10.27,2.27,0.34
Esperance,-33.83,121.89,MIROC5,rcp45,2090,2253.31,26.1,8.1,1.9,0.33,0.1,36.53,10.43,2.33,0.43
Esperance,-33.83,121.89,MIROC5,rcp85,2030,2183.98,23.9,7.7,1.77,0.27,0.07,33.71,9.81,2.11,0.34
Esperance,-33.83,121.89,MIROC5,rcp85,2050,2306.52,26.87,8.33,1.87,0.23,0.1,37.4,10.53,2.2,0.33
Esperance,-33.83,121.89,MIROC5,rcp85,2070,2306.52,26.87,8.33,1.87,0.23,0.1,37.4,10.53,2.2,0.33
Esperance,-33.83,121.89,MIROC5,rcp85,2090,2568.23,34.8,9.1,2.3,0.5,0.17,46.87,12.07,2.97,0.67
Esperance,-33.83,121.89,OBS,historical,1995,2087.84,21.93,7.37,1.37,0.17,0.07,30.91,8.98,1.61,0.24
Geraldton,-28.8,114.7,CESM1-CAM5,rcp45,2030,4321.48,74.9,36.3,8.3,0.63,0.07,120.2,45.3,9,0.7
Geraldton,-28.8,114.7,CESM1-CAM5,rcp45,2050,4633.03,83,38.67,9.23,1.27,0.07,132.24,49.24,10.57,1.34
Geraldton,-28.8,114.7,CESM1-CAM5,rcp45,2070,4996.47,90.87,41.5,10.87,1.9,0.17,145.31,54.44,12.94,2.07
Geraldton,-28.8,114.7,CESM1-CAM5,rcp45,2090,4972.45,91.33,41.03,11.13,1.93,0.13,145.55,54.22,13.19,2.06
Geraldton,-28.8,114.7,CESM1-CAM5,rcp85,2030,4547.11,81.37,38.47,9.03,1.03,0.07,129.97,48.6,10.13,1.1
Geraldton,-28.8,114.7,CESM1-CAM5,rcp85,2050,5376.53,100.4,44.77,12.6,2.63,0.27,160.67,60.27,15.5,2.9
Geraldton,-28.8,114.7,CESM1-CAM5,rcp85,2070,5376.53,100.4,44.77,12.6,2.63,0.27,160.67,60.27,15.5,2.9
Geraldton,-28.8,114.7,CESM1-CAM5,rcp85,2090,5636.02,106.23,46.07,13.73,3.17,0.37,169.57,63.34,17.27,3.54
Geraldton,-28.8,114.7,GFDL-ESM2M,rcp45,2030,5421.47,104.13,46.8,12.2,1.9,0.1,165.13,61,14.2,2
Geraldton,-28.8,114.7,GFDL-ESM2M,rcp45,2050,4981.73,97.2,41.9,9.73,1.1,0.03,149.96,52.76,10.86,1.13
Geraldton,-28.8,114.7,GFDL-ESM2M,rcp45,2070,5450.94,107.9,46,11.9,1.9,0.13,167.83,59.93,13.93,2.03
Geraldton,-28.8,114.7,GFDL-ESM2M,rcp45,2090,5061.12,98.03,41.97,10.13,1.17,0.03,151.33,53.3,11.33,1.2
Geraldton,-28.8,114.7,GFDL-ESM2M,rcp85,2030,4867.51,91.9,41.8,9.03,1.13,0.07,143.93,52.03,10.23,1.2
Geraldton,-28.8,114.7,GFDL-ESM2M,rcp85,2050,5621.05,110.43,47.17,12.87,2.27,0.23,172.97,62.54,15.37,2.5
Geraldton,-28.8,114.7,GFDL-ESM2M,rcp85,2070,5621.05,110.43,47.17,12.87,2.27,0.23,172.97,62.54,15.37,2.5
Geraldton,-28.8,114.7,GFDL-ESM2M,rcp85,2090,6319.62,128.87,53.6,15.57,3.17,0.3,201.51,72.64,19.04,3.47
Geraldton,-28.8,114.7,MIROC5,rcp45,2030,4446.62,79.03,37.67,8.77,0.77,0.07,126.31,47.28,9.61,0.84
Geraldton,-28.8,114.7,MIROC5,rcp45,2050,4510.86,81.93,37.7,8.87,1.17,0.07,129.74,47.81,10.11,1.24
Geraldton,-28.8,114.7,MIROC5,rcp45,2070,4576.54,81.2,38.57,9.3,1.1,0.1,130.27,49.07,10.5,1.2
Geraldton,-28.8,114.7,MIROC5,rcp45,2090,4565.14,81.8,38.37,9.1,1.27,0.1,130.64,48.84,10.47,1.37
Geraldton,-28.8,114.7,MIROC5,rcp85,2030,4434.8,78.67,37.03,8.53,0.9,0.03,125.16,46.49,9.46,0.93
Geraldton,-28.8,114.7,MIROC5,rcp85,2050,4673.67,84.9,38.97,9.47,1.23,0.1,134.67,49.77,10.8,1.33
Geraldton,-28.8,114.7,MIROC5,rcp85,2070,4673.67,84.9,38.97,9.47,1.23,0.1,134.67,49.77,10.8,1.33
Geraldton,-28.8,114.7,MIROC5,rcp85,2090,5061.5,94.47,40.8,11.5,2.1,0.13,149,54.53,13.73,2.23
Geraldton,-28.8,114.7,OBS,historical,1995,4276.65,73.97,35.7,8.07,0.53,0.03,118.3,44.33,8.63,0.56
Hobart,-42.89,147.33,CESM1-CAM5,rcp45,2030,1437.62,11.7,2.27,0.17,0.03,0,14.17,2.47,0.2,0.03
Hobart,-42.89,147.33,CESM1-CAM5,rcp45,2050,1507.18,13.37,2.3,0.23,0.03,0,15.93,2.56,0.26,0.03
Hobart,-42.89,147.33,CESM1-CAM5,rcp45,2070,1531.28,14.03,2.4,0.23,0.03,0,16.69,2.66,0.26,0.03
Hobart,-42.89,147.33,CESM1-CAM5,rcp45,2090,1578.32,15.33,2.63,0.27,0.03,0,18.26,2.93,0.3,0.03
Hobart,-42.89,147.33,CESM1-CAM5,rcp85,2030,1501.86,13.4,2.27,0.23,0.03,0,15.93,2.53,0.26,0.03
Hobart,-42.89,147.33,CESM1-CAM5,rcp85,2050,1560.15,14.63,2.47,0.23,0.03,0,17.36,2.73,0.26,0.03
Hobart,-42.89,147.33,CESM1-CAM5,rcp85,2070,1699.07,17.77,3.17,0.33,0.03,0,21.3,3.53,0.36,0.03
Hobart,-42.89,147.33,CESM1-CAM5,rcp85,2090,1888.14,22.67,4.07,0.5,0.03,0,27.27,4.6,0.53,0.03
Hobart,-42.89,147.33,GFDL-ESM2M,rcp45,2030,1520.55,13.43,2.33,0.17,0.03,0,15.96,2.53,0.2,0.03
Hobart,-42.89,147.33,GFDL-ESM2M,rcp45,2050,1444.35,12.3,2.33,0.17,0,0,14.8,2.5,0.17,0
Hobart,-42.89,147.33,GFDL-ESM2M,rcp45,2070,1505.68,13.17,2.47,0.13,0.03,0,15.8,2.63,0.16,0.03
Hobart,-42.89,147.33,GFDL-ESM2M,rcp45,2090,1447.66,12.4,2.33,0.13,0.03,0,14.89,2.49,0.16,0.03
Hobart,-42.89,147.33,GFDL-ESM2M,rcp85,2030,1473.71,12.6,2.4,0.13,0.03,0,15.16,2.56,0.16,0.03
Hobart,-42.89,147.33,GFDL-ESM2M,rcp85,2050,1500.63,13.43,2.43,0.13,0.03,0,16.02,2.59,0.16,0.03
Hobart,-42.89,147.33,GFDL-ESM2M,rcp85,2070,1576.39,14.77,2.6,0.23,0.03,0,17.63,2.86,0.26,0.03
Hobart,-42.89,147.33,GFDL-ESM2M,rcp85,2090,1669.31,16.93,2.83,0.23,0.03,0,20.02,3.09,0.26,0.03
Hobart,-42.89,147.33,MIROC5,rcp45,2030,1423.99,11.23,2.13,0.13,0.03,0,13.52,2.29,0.16,0.03
Hobart,-42.89,147.33,MIROC5,rcp45,2050,1423.67,12,2.23,0.13,0.03,0,14.39,2.39,0.16,0.03
Hobart,-42.89,147.33,MIROC5,rcp45,2070,1501.23,13.07,2.4,0.17,0.03,0,15.67,2.6,0.2,0.03
Hobart,-42.89,147.33,MIROC5,rcp45,2090,1526.48,13.87,2.47,0.17,0.03,0,16.54,2.67,0.2,0.03
Hobart,-42.89,147.33,MIROC5,rcp85,2030,1459.96,12.3,2.3,0.17,0.03,0,14.8,2.5,0.2,0.03
Hobart,-42.89,147.33,MIROC5,rcp85,2050,1501.27,13.37,2.33,0.17,0.03,0,15.9,2.53,0.2,0.03
Hobart,-42.89,147.33,MIROC5,rcp85,2070,1588.21,15.1,2.57,0.2,0.03,0,17.9,2.8,0.23,0.03
Hobart,-42.89,147.33,MIROC5,rcp85,2090,1638.09,16.53,2.8,0.27,0.03,0,19.63,3.1,0.3,0.03
Hobart,-42.89,147.33,OBS,historical,1995,1395.69,10.93,2.1,0.17,0,0,13.2,2.27,0.17,0
Kalgoorlie,-30.78,121.45,CESM1-CAM5,rcp45,2030,6319.98,120.57,71.67,11.43,2,0.17,205.84,85.27,13.6,2.17
Kalgoorlie,-30.78,121.45,CESM1-CAM5,rcp45,2050,6914.63,122.1,82.63,15,2.43,0.33,222.49,100.39,17.76,2.76
Kalgoorlie,-30.78,121.45,CESM1-CAM5,rcp45,2070,7054.79,122.87,85.13,15.57,2.63,0.47,226.67,103.8,18.67,3.1
Kalgoorlie,-30.78,121.45,CESM1-CAM5,rcp45,2090,7163.27,122.27,87.77,15.77,2.87,0.47,229.15,106.88,19.11,3.34
Kalgoorlie,-30.78,121.45,CESM1-CAM5,rcp85,2030,6472.02,121.7,74.33,12.47,2.03,0.27,210.8,89.1,14.77,2.3
Kalgoorlie,-30.78,121.45,CESM1-CAM5,rcp85,2050,7452.55,125.13,91.73,16.83,3.43,0.53,237.65,112.52,20.79,3.96
Kalgoorlie,-30.78,121.45,CESM1-CAM5,rcp85,2070,7338.65,118.2,88.93,17.97,3.57,0.67,229.34,111.14,22.21,4.24
Kalgoorlie,-30.78,121.45,CESM1-CAM5,rcp85,2090,7778.19,121.07,95.73,20.2,4.47,0.77,242.24,121.17,25.44,5.24
Kalgoorlie,-30.78,121.45,GFDL-ESM2M,rcp45,2030,8331.66,127.1,109.37,20.87,4.37,0.77,262.48,135.38,26.01,5.14
Kalgoorlie,-30.78,121.45,GFDL-ESM2M,rcp45,2050,7271.38,127,88.9,15.5,3.07,0.53,235,108,19.1,3.6
Kalgoorlie,-30.78,121.45,GFDL-ESM2M,rcp45,2070,8206.28,123.47,104.9,21.1,4.4,0.9,254.77,131.3,26.4,5.3
Kalgoorlie,-30.78,121.45,GFDL-ESM2M,rcp45,2090,7325.11,127.97,90.57,15.5,3,0.5,237.54,109.57,19,3.5
Kalgoorlie,-30.78,121.45,GFDL-ESM2M,rcp85,2030,7367.83,128.2,90.13,16.87,2.83,0.4,238.43,110.23,20.1,3.23
Kalgoorlie,-30.78,121.45,GFDL-ESM2M,rcp85,2050,8142.58,122.77,104,20.67,4.43,0.93,252.8,130.03,26.03,5.36
Kalgoorlie,-30.78,121.45,GFDL-ESM2M,rcp85,2070,8050.71,125.43,100.63,20.63,4.37,0.83,251.89,126.46,25.83,5.2
Kalgoorlie,-30.78,121.45,GFDL-ESM2M,rcp85,2090,9102.55,125.7,119.53,25.9,5.87,1.37,278.37,152.67,33.14,7.24
Kalgoorlie,-30.78,121.45,MIROC5,rcp45,2030,6347.73,120.37,72.97,12.13,1.93,0.17,207.57,87.2,14.23,2.1
Kalgoorlie,-30.78,121.45,MIROC5,rcp45,2050,6308.09,117.83,72.77,11.83,1.9,0.2,204.53,86.7,13.93,2.1
Kalgoorlie,-30.78,121.45,MIROC5,rcp45,2070,6213.73,119.03,69.87,11.67,1.83,0.23,202.63,83.6,13.73,2.06
Kalgoorlie,-30.78,121.45,MIROC5,rcp45,2090,6487.89,117.33,76.33,12.97,2.2,0.2,209.03,91.7,15.37,2.4
Kalgoorlie,-30.78,121.45,MIROC5,rcp85,2030,6326.24,119.67,72.73,11.87,1.97,0.2,206.44,86.77,14.04,2.17
Kalgoorlie,-30.78,121.45,MIROC5,rcp85,2050,6548.2,118.87,77.33,13.07,2.07,0.3,211.64,92.77,15.44,2.37
Kalgoorlie,-30.78,121.45,MIROC5,rcp85,2070,6562.14,117.8,77.23,13.67,2.03,0.3,211.03,93.23,16,2.33
Kalgoorlie,-30.78,121.45,MIROC5,rcp85,2090,6407.89,116.63,73.67,13.07,2.07,0.3,205.74,89.11,15.44,2.37
Kalgoorlie,-30.78,121.45,OBS,historical,1995,6160.51,119.43,68.33,10.7,1.57,0.13,200.16,80.73,12.4,1.7
Launceston-AP,-41.54,147.2,CESM1-CAM5,rcp45,2030,1472.05,19.17,1.2,0,0,0,20.37,1.2,0,0
Launceston-AP,-41.54,147.2,CESM1-CAM5,rcp45,2050,1542.26,21.73,1.43,0,0,0,23.16,1.43,0,0
Launceston-AP,-41.54,147.2,CESM1-CAM5,rcp45,2070,1552.99,22.67,1.53,0.03,0,0,24.23,1.56,0.03,0
Launceston-AP,-41.54,147.2,CESM1-CAM5,rcp45,2090,1609.67,25.83,1.73,0.07,0,0,27.63,1.8,0.07,0
Launceston-AP,-41.54,147.2,CESM1-CAM5,rcp85,2030,1536.77,21.53,1.5,0,0,0,23.03,1.5,0,0
Launceston-AP,-41.54,147.2,CESM1-CAM5,rcp85,2050,1592.81,24.33,1.67,0.03,0,0,26.03,1.7,0.03,0
Launceston-AP,-41.54,147.2,CESM1-CAM5,rcp85,2070,1727.89,30.1,2.37,0.07,0,0,32.54,2.44,0.07,0
Launceston-AP,-41.54,147.2,CESM1-CAM5,rcp85,2090,1909.43,37.9,3.57,0.1,0,0,41.57,3.67,0.1,0
Launceston-AP,-41.54,147.2,GFDL-ESM2M,rcp45,2030,1561.99,21.4,1.4,0,0,0,22.8,1.4,0,0
Launceston-AP,-41.54,147.2,GFDL-ESM2M,rcp45,2050,1486.46,19.4,1.13,0,0,0,20.53,1.13,0,0
Launceston-AP,-41.54,147.2,GFDL-ESM2M,rcp45,2070,1543.81,20.9,1.23,0,0,0,22.13,1.23,0,0
Launceston-AP,-41.54,147.2,GFDL-ESM2M,rcp45,2090,1473.65,19.33,1.07,0,0,0,20.4,1.07,0,0
Launceston-AP,-41.54,147.2,GFDL-ESM2M,rcp85,2030,1504.85,19.27,1.13,0,0,0,20.4,1.13,0,0
Launceston-AP,-41.54,147.2,GFDL-ESM2M,rcp85,2050,1537.54,20.93,1.2,0,0,0,22.13,1.2,0,0
Launceston-AP,-41.54,147.2,GFDL-ESM2M,rcp85,2070,1597.79,22.7,1.3,0.03,0,0,24.03,1.33,0.03,0
Launceston-AP,-41.54,147.2,GFDL-ESM2M,rcp85,2090,1704.83,26.77,1.9,0.07,0,0,28.74,1.97,0.07,0
Launceston-AP,-41.54,147.2,MIROC5,rcp45,2030,1449.48,17.57,1,0,0,0,18.57,1,0,0
Launceston-AP,-41.54,147.2,MIROC5,rcp45,2050,1459.2,18.6,1.1,0,0,0,19.7,1.1,0,0
Launceston-AP,-41.54,147.2,MIROC5,rcp45,2070,1538.33,21.23,1.3,0,0,0,22.53,1.3,0,0
Launceston-AP,-41.54,147.2,MIROC5,rcp45,2090,1564.3,22.73,1.37,0,0,0,24.1,1.37,0,0
Launceston-AP,-41.54,147.2,MIROC5,rcp85,2030,1498.69,19.6,1.4,0,0,0,21,1.4,0,0
Launceston-AP,-41.54,147.2,MIROC5,rcp85,2050,1527.4,20,1.27,0,0,0,21.27,1.27,0,0
Launceston-AP,-41.54,147.2,MIROC5,rcp85,2070,1620.23,24.6,1.43,0.03,0,0,26.06,1.46,0.03,0
Launceston-AP,-41.54,147.2,MIROC5,rcp85,2090,1669.76,26.9,1.7,0.07,0,0,28.67,1.77,0.07,0
Launceston-AP,-41.54,147.2,OBS,historical,1995,1434.63,17.6,1.13,0,0,0,18.73,1.13,0,0
Laverton,-37.86,144.76,CESM1-CAM5,rcp45,2030,2280.37,28.27,10.8,1.77,0.4,0.17,41.41,13.14,2.34,0.57
Laverton,-37.86,144.76,CESM1-CAM5,rcp45,2050,2468.9,31.73,12.07,2.23,0.53,0.2,46.76,15.03,2.96,0.73
Laverton,-37.86,144.76,CESM1-CAM5,rcp45,2070,2500.16,31.37,12.37,2.43,0.47,0.2,46.84,15.47,3.1,0.67
Laverton,-37.86,144.76,CESM1-CAM5,rcp45,2090,2557.95,32.5,12.73,2.67,0.5,0.23,48.63,16.13,3.4,0.73
Laverton,-37.86,144.76,CESM1-CAM5,rcp85,2030,2439.66,31,11.77,2.17,0.5,0.2,45.64,14.64,2.87,0.7
Laverton,-37.86,144.76,CESM1-CAM5,rcp85,2050,2628.78,33.67,13.3,2.8,0.47,0.33,50.57,16.9,3.6,0.8
Laverton,-37.86,144.76,CESM1-CAM5,rcp85,2070,2901.48,38.2,15.03,3.43,0.77,0.37,57.8,19.6,4.57,1.14
Laverton,-37.86,144.76,CESM1-CAM5,rcp85,2090,3130.08,44.03,16.37,4.1,0.93,0.47,65.9,21.87,5.5,1.4
Laverton,-37.86,144.76,GFDL-ESM2M,rcp45,2030,2809.34,37.73,13.9,3,0.47,0.33,55.43,17.7,3.8,0.8
Laverton,-37.86,144.76,GFDL-ESM2M,rcp45,2050,2460.87,31.67,12.03,2.27,0.3,0.27,46.54,14.87,2.84,0.57
Laverton,-37.86,144.76,GFDL-ESM2M,rcp45,2070,2894.99,39.03,14.8,3.3,0.4,0.33,57.86,18.83,4.03,0.73
Laverton,-37.86,144.76,GFDL-ESM2M,rcp45,2090,2545.41,33.53,12.4,2.3,0.37,0.23,48.83,15.3,2.9,0.6
Laverton,-37.86,144.76,GFDL-ESM2M,rcp85,2030,2534.94,33,12.4,2.2,0.33,0.27,48.2,15.2,2.8,0.6
Laverton,-37.86,144.76,GFDL-ESM2M,rcp85,2050,2571.91,33.77,12.9,2.4,0.33,0.27,49.67,15.9,3,0.6
Laverton,-37.86,144.76,GFDL-ESM2M,rcp85,2070,2982.58,41.13,15.23,3.53,0.53,0.33,60.75,19.62,4.39,0.86
Laverton,-37.86,144.76,GFDL-ESM2M,rcp85,2090,3480.43,52.27,19.97,4.63,0.9,0.43,78.2,25.93,5.96,1.33
Laverton,-37.86,144.76,MIROC5,rcp45,2030,2253.4,28.7,10.83,1.63,0.37,0.17,41.7,13,2.17,0.54
Laverton,-37.86,144.76,MIROC5,rcp45,2050,2236.53,28.03,11,1.57,0.4,0.13,41.13,13.1,2.1,0.53
Laverton,-37.86,144.76,MIROC5,rcp45,2070,2309.27,29.33,11.37,1.7,0.43,0.13,42.96,13.63,2.26,0.56
Laverton,-37.86,144.76,MIROC5,rcp45,2090,2358.59,30.5,11.73,1.8,0.43,0.17,44.63,14.13,2.4,0.6
Laverton,-37.86,144.76,MIROC5,rcp85,2030,2222.16,27.8,10.63,1.57,0.33,0.17,40.5,12.7,2.07,0.5
Laverton,-37.86,144.76,MIROC5,rcp85,2050,2283.56,28.73,11.23,1.67,0.37,0.17,42.17,13.44,2.21,0.54
Laverton,-37.86,144.76,MIROC5,rcp85,2070,2384.22,30.53,11.83,1.87,0.5,0.17,44.9,14.37,2.54,0.67
Laverton,-37.86,144.76,MIROC5,rcp85,2090,2394.54,30.87,12.07,2.17,0.4,0.2,45.71,14.84,2.77,0.6
Laverton,-37.86,144.76,OBS,historical,1995,2208.08,26.7,10.33,1.67,0.23,0.2,39.13,12.43,2.1,0.43
Mackay,-21.12,149.22,CESM1-CAM5,rcp45,2030,1286.73,4.4,0.17,0,0,0,4.57,0.17,0,0
Mackay,-21.12,149.22,CESM1-CAM5,rcp45,2050,1334.91,5.1,0.17,0.03,0,0,5.3,0.2,0.03,0
Mackay,-21.12,149.22,CESM1-CAM5,rcp45,2070,1292.48,4.5,0.17,0.03,0,0,4.7,0.2,0.03,0
Mackay,-21.12,149.22,CESM1-CAM5,rcp45,2090,1319.65,4.67,0.2,0.03,0,0,4.9,0.23,0.03,0
Mackay,-21.12,149.22,CESM1-CAM5,rcp85,2030,1288.51,4.43,0.13,0.03,0,0,4.59,0.16,0.03,0
Mackay,-21.12,149.22,CESM1-CAM5,rcp85,2050,1416,6.07,0.2,0.03,0,0,6.3,0.23,0.03,0
Mackay,-21.12,149.22,CESM1-CAM5,rcp85,2070,1410.68,6.2,0.27,0.03,0,0,6.5,0.3,0.03,0
Mackay,-21.12,149.22,CESM1-CAM5,rcp85,2090,1441.19,7.03,0.27,0.03,0,0,7.33,0.3,0.03,0
Mackay,-21.12,149.22,GFDL-ESM2M,rcp45,2030,1405.74,5.03,0.17,0,0,0,5.2,0.17,0,0
Mackay,-21.12,149.22,GFDL-ESM2M,rcp45,2050,1410.17,5.43,0.13,0.03,0,0,5.59,0.16,0.03,0
Mackay,-21.12,149.22,GFDL-ESM2M,rcp45,2070,1569.15,6.97,0.23,0.03,0,0,7.23,0.26,0.03,0
Mackay,-21.12,149.22,GFDL-ESM2M,rcp45,2090,1373.84,5.13,0.23,0.03,0,0,5.39,0.26,0.03,0
Mackay,-21.12,149.22,GFDL-ESM2M,rcp85,2030,1456.54,5.83,0.2,0.03,0,0,6.06,0.23,0.03,0
Mackay,-21.12,149.22,GFDL-ESM2M,rcp85,2050,1518.71,6.67,0.2,0.03,0,0,6.9,0.23,0.03,0
Mackay,-21.12,149.22,GFDL-ESM2M,rcp85,2070,1415.95,6.1,0.27,0.03,0,0,6.4,0.3,0.03,0
Mackay,-21.12,149.22,GFDL-ESM2M,rcp85,2090,1542.87,7.63,0.3,0.03,0,0,7.96,0.33,0.03,0
Mackay,-21.12,149.22,MIROC5,rcp45,2030,1349.59,5.17,0.17,0,0,0,5.34,0.17,0,0
Mackay,-21.12,149.22,MIROC5,rcp45,2050,1333.42,5.03,0.2,0,0,0,5.23,0.2,0,0
Mackay,-21.12,149.22,MIROC5,rcp45,2070,1354.58,5.2,0.17,0.03,0,0,5.4,0.2,0.03,0
Mackay,-21.12,149.22,MIROC5,rcp45,2090,1440.34,6.37,0.2,0.03,0,0,6.6,0.23,0.03,0
Mackay,-21.12,149.22,MIROC5,rcp85,2030,1392.41,5.5,0.17,0,0,0,5.67,0.17,0,0
Mackay,-21.12,149.22,MIROC5,rcp85,2050,1416.24,6.17,0.2,0.03,0,0,6.4,0.23,0.03,0
Mackay,-21.12,149.22,MIROC5,rcp85,2070,1456.39,6.5,0.23,0.03,0,0,6.76,0.26,0.03,0
Mackay,-21.12,149.22,MIROC5,rcp85,2090,1457.67,6.93,0.27,0.03,0,0,7.23,0.3,0.03,0
Mackay,-21.12,149.22,OBS,historical,1995,1303.29,3.87,0.17,0,0,0,4.04,0.17,0,0
Meekatharra,-26.61,118.54,CESM1-CAM5,rcp45,2030,8792.94,111.3,127.37,27.27,2.4,0.13,268.47,157.17,29.8,2.53
Meekatharra,-26.61,118.54,CESM1-CAM5,rcp45,2050,9503.09,106.77,133.67,34.87,3.7,0.23,279.24,172.47,38.8,3.93
Meekatharra,-26.61,118.54,CESM1-CAM5,rcp45,2070,9701.78,104.1,135.63,37.8,3.77,0.27,281.57,177.47,41.84,4.04
Meekatharra,-26.61,118.54,CESM1-CAM5,rcp45,2090,9826.03,101.7,137.97,39.13,3.8,0.3,282.9,181.2,43.23,4.1
Meekatharra,-26.61,118.54,CESM1-CAM5,rcp85,2030,8961.78,108.23,130.2,28.77,2.8,0.13,270.13,161.9,31.7,2.93
Meekatharra,-26.61,118.54,CESM1-CAM5,rcp85,2050,10144.04,103.6,142.23,41.27,4.33,0.33,291.76,188.16,45.93,4.66
Meekatharra,-26.61,118.54,CESM1-CAM5,rcp85,2070,10051.87,98.27,135.47,42.87,5.2,0.5,282.31,184.04,48.57,5.7
Meekatharra,-26.61,118.54,CESM1-CAM5,rcp85,2090,10613.71,93.07,142.07,48.1,6.9,0.63,290.77,197.7,55.63,7.53
Meekatharra,-26.61,118.54,GFDL-ESM2M,rcp45,2030,11002.06,96.43,153.3,49.1,5.87,0.53,305.23,208.8,55.5,6.4
Meekatharra,-26.61,118.54,GFDL-ESM2M,rcp45,2050,9839.31,105.13,142.03,36.4,3.77,0.33,287.66,182.53,40.5,4.1
Meekatharra,-26.61,118.54,GFDL-ESM2M,rcp45,2070,10885.35,95.1,148.4,48.87,6.67,0.53,299.57,204.47,56.07,7.2
Meekatharra,-26.61,118.54,GFDL-ESM2M,rcp45,2090,9940.98,100.07,146.63,36.93,3.8,0.27,287.7,187.63,41,4.07
Meekatharra,-26.61,118.54,GFDL-ESM2M,rcp85,2030,9972.25,103.43,144.27,37.5,4.1,0.17,289.47,186.04,41.77,4.27
Meekatharra,-26.61,118.54,GFDL-ESM2M,rcp85,2050,10835.43,94.57,148.1,48.5,6.3,0.57,298.04,203.47,55.37,6.87
Meekatharra,-26.61,118.54,GFDL-ESM2M,rcp85,2070,10810.47,95.17,148.8,47.93,6.43,0.6,298.93,203.76,54.96,7.03
Meekatharra,-26.61,118.54,GFDL-ESM2M,rcp85,2090,11979.74,88.17,153.8,61.57,9.53,1.13,314.2,226.03,72.23,10.66
Meekatharra,-26.61,118.54,MIROC5,rcp45,2030,8850.01,105.67,129.67,28.03,2.5,0.03,265.9,160.23,30.56,2.53
Meekatharra,-26.61,118.54,MIROC5,rcp45,2050,8805.59,105.1,127.93,28.53,2.5,0.07,264.13,159.03,31.1,2.57
Meekatharra,-26.61,118.54,MIROC5,rcp45,2070,8722.72,104.77,127.9,27.57,2.33,0.03,262.6,157.83,29.93,2.36
Meekatharra,-26.61,118.54,MIROC5,rcp45,2090,9036.97,103.57,128.53,31.63,3.1,0.1,266.93,163.36,34.83,3.2
Meekatharra,-26.61,118.54,MIROC5,rcp85,2030,8822.66,106,128.83,28.03,2.43,0.07,265.36,159.36,30.53,2.5
Meekatharra,-26.61,118.54,MIROC5,rcp85,2050,9090.32,103.57,130.27,31.33,3,0.1,268.27,164.7,34.43,3.1
Meekatharra,-26.61,118.54,MIROC5,rcp85,2070,9178.08,101.77,131.1,32.97,3.2,0.07,269.11,167.34,36.24,3.27
Meekatharra,-26.61,118.54,MIROC5,rcp85,2090,9029.62,102.3,127.57,32.3,3.23,0.1,265.5,163.2,35.63,3.33
Meekatharra,-26.61,118.54,OBS,historical,1995,8577.58,107.9,126.53,23.83,1.77,0.07,260.1,152.2,25.67,1.84
Melbourne-AP,-37.68,144.84,CESM1-CAM5,rcp45,2030,2678.93,38.63,14.73,3.2,0.53,0.03,57.12,18.49,3.76,0.56
Melbourne-AP,-37.68,144.84,CESM1-CAM5,rcp45,2050,2887.32,42.9,16.47,3.5,0.7,0.17,63.74,20.84,4.37,0.87
Melbourne-AP,-37.68,144.84,CESM1-CAM5,rcp45,2070,2914.83,43.57,16.6,3.63,0.8,0.2,64.8,21.23,4.63,1
Melbourne-AP,-37.68,144.84,CESM1-CAM5,rcp45,2090,2988.51,44.57,17.27,3.9,0.83,0.2,66.77,22.2,4.93,1.03
Melbourne-AP,-37.68,144.84,CESM1-CAM5,rcp85,2030,2862.61,41.93,16.23,3.43,0.73,0.2,62.52,20.59,4.36,0.93
Melbourne-AP,-37.68,144.84,CESM1-CAM5,rcp85,2050,3057.05,45.4,17.73,3.9,1,0.27,68.3,22.9,5.17,1.27
Melbourne-AP,-37.68,144.84,CESM1-CAM5,rcp85,2070,3366,53.07,19.27,4.73,1.57,0.4,79.04,25.97,6.7,1.97
Melbourne-AP,-37.68,144.84,CESM1-CAM5,rcp85,2090,3624.09,58.57,21.23,5.43,1.8,0.6,87.63,29.06,7.83,2.4
Melbourne-AP,-37.68,144.84,GFDL-ESM2M,rcp45,2030,3228,52.5,18.4,4.17,0.77,0.3,76.14,23.64,5.24,1.07
Melbourne-AP,-37.68,144.84,GFDL-ESM2M,rcp45,2050,2873.79,42.9,16.03,3.7,0.63,0.1,63.36,20.46,4.43,0.73
Melbourne-AP,-37.68,144.84,GFDL-ESM2M,rcp45,2070,3316.62,53.83,19.53,4.43,0.97,0.2,78.96,25.13,5.6,1.17
Melbourne-AP,-37.68,144.84,GFDL-ESM2M,rcp45,2090,2949.78,45.2,16.5,3.57,0.67,0.13,66.07,20.87,4.37,0.8
Melbourne-AP,-37.68,144.84,GFDL-ESM2M,rcp85,2030,2935.79,45.77,15.77,3.53,0.7,0.1,65.87,20.1,4.33,0.8
Melbourne-AP,-37.68,144.84,GFDL-ESM2M,rcp85,2050,2989.66,46.73,16.97,3.83,0.63,0.17,68.33,21.6,4.63,0.8
Melbourne-AP,-37.68,144.84,GFDL-ESM2M,rcp85,2070,3404.78,54.97,20.47,4.33,0.97,0.37,81.11,26.14,5.67,1.34
Melbourne-AP,-37.68,144.84,GFDL-ESM2M,rcp85,2090,3966.04,67.53,25.17,5.8,1.67,0.53,100.7,33.17,8,2.2
Melbourne-AP,-37.68,144.84,MIROC5,rcp45,2030,2646.4,38.43,14.6,3,0.47,0.07,56.57,18.14,3.54,0.54
Melbourne-AP,-37.68,144.84,MIROC5,rcp45,2050,2630.02,38.27,14.63,3.07,0.43,0.07,56.47,18.2,3.57,0.5
Melbourne-AP,-37.68,144.84,MIROC5,rcp45,2070,2713.01,39.5,15.37,3.4,0.43,0.07,58.77,19.27,3.9,0.5
Melbourne-AP,-37.68,144.84,MIROC5,rcp45,2090,2772.03,40.73,15.97,3.53,0.43,0.1,60.76,20.03,4.06,0.53
Melbourne-AP,-37.68,144.84,MIROC5,rcp85,2030,2619.22,38.37,14.53,2.8,0.5,0.03,56.23,17.86,3.33,0.53
Melbourne-AP,-37.68,144.84,MIROC5,rcp85,2050,2687.59,39.43,14.9,3.3,0.43,0.1,58.16,18.73,3.83,0.53
Melbourne-AP,-37.68,144.84,MIROC5,rcp85,2070,2799.57,40.97,16.1,3.57,0.5,0.07,61.21,20.24,4.14,0.57
Melbourne-AP,-37.68,144.84,MIROC5,rcp85,2090,2806.48,41.03,16.37,3.7,0.63,0.1,61.83,20.8,4.43,0.73
Melbourne-AP,-37.68,144.84,OBS,historical,1995,2553.32,35.73,13.8,2.67,0.4,0.03,52.63,16.9,3.1,0.43
Mildura,-34.23,142.08,CESM1-CAM5,rcp45,2030,5605.17,110.53,59.17,8.5,1.1,0.23,179.53,69,9.83,1.33
Mildura,-34.23,142.08,CESM1-CAM5,rcp45,2050,5936.96,112.37,65.5,9.93,1.33,0.37,189.5,77.13,11.63,1.7
Mildura,-34.23,142.08,CESM1-CAM5,rcp45,2070,6029.19,112.13,67.57,10.47,1.4,0.4,191.97,79.84,12.27,1.8
Mildura,-34.23,142.08,CESM1-CAM5,rcp45,2090,6220.26,113.23,71.47,10.77,1.57,0.63,197.67,84.44,12.97,2.2
Mildura,-34.23,142.08,CESM1-CAM5,rcp85,2030,5820.75,112.47,62.43,9.57,1.13,0.37,185.97,73.5,11.07,1.5
Mildura,-34.23,142.08,CESM1-CAM5,rcp85,2050,6151.84,113.73,69.7,10.4,1.47,0.57,195.87,82.14,12.44,2.04
Mildura,-34.23,142.08,CESM1-CAM5,rcp85,2070,6477.04,112.5,76.33,12.23,1.8,0.77,203.63,91.13,14.8,2.57
Mildura,-34.23,142.08,CESM1-CAM5,rcp85,2090,7089.3,110.63,86.27,15.67,2.63,1.03,216.23,105.6,19.33,3.66
Mildura,-34.23,142.08,GFDL-ESM2M,rcp45,2030,6617.93,116.17,80.17,11.97,1.6,0.67,210.58,94.41,14.24,2.27
Mildura,-34.23,142.08,GFDL-ESM2M,rcp45,2050,6103.59,112.6,69.53,9.73,1.53,0.53,193.92,81.32,11.79,2.06
Mildura,-34.23,142.08,GFDL-ESM2M,rcp45,2070,6964.68,115.77,87.2,13.37,1.93,0.77,219.04,103.27,16.07,2.7
Mildura,-34.23,142.08,GFDL-ESM2M,rcp45,2090,6346.34,120.27,74.13,10.13,1.53,0.53,206.59,86.32,12.19,2.06
Mildura,-34.23,142.08,GFDL-ESM2M,rcp85,2030,6157.49,120.1,68.63,9.43,1.53,0.47,200.16,80.06,11.43,2
Mildura,-34.23,142.08,GFDL-ESM2M,rcp85,2050,6611.26,114.77,79.87,12.27,1.73,0.73,209.37,94.6,14.73,2.46
Mildura,-34.23,142.08,GFDL-ESM2M,rcp85,2070,6911.49,118.6,83.33,13.6,2.13,0.83,218.49,99.89,16.56,2.96
Mildura,-34.23,142.08,GFDL-ESM2M,rcp85,2090,7775.83,115.13,99.53,17.23,3.5,1.4,236.79,121.66,22.13,4.9
Mildura,-34.23,142.08,MIROC5,rcp45,2030,5658.16,114,60.43,8.2,1.43,0.13,184.19,70.19,9.76,1.56
Mildura,-34.23,142.08,MIROC5,rcp45,2050,5648.92,113.9,60.4,8.43,1.37,0.13,184.23,70.33,9.93,1.5
Mildura,-34.23,142.08,MIROC5,rcp45,2070,5623.31,112.73,59.67,8.43,1.33,0.13,182.29,69.56,9.89,1.46
Mildura,-34.23,142.08,MIROC5,rcp45,2090,5926.94,112.8,66.13,9.77,1.43,0.23,190.36,77.56,11.43,1.66
Mildura,-34.23,142.08,MIROC5,rcp85,2030,5687.99,112.9,61.03,8.57,1.47,0.13,184.1,71.2,10.17,1.6
Mildura,-34.23,142.08,MIROC5,rcp85,2050,5754.71,113.8,61.73,9.07,1.4,0.23,186.23,72.43,10.7,1.63
Mildura,-34.23,142.08,MIROC5,rcp85,2070,5802.68,113.2,63.33,9.17,1.4,0.23,187.33,74.13,10.8,1.63
Mildura,-34.23,142.08,MIROC5,rcp85,2090,5717.22,112.07,61.37,9.1,1.43,0.23,184.2,72.13,10.76,1.66
Mildura,-34.23,142.08,OBS,historical,1995,5488.31,111.2,56.23,7.2,1.1,0.1,175.83,64.63,8.4,1.2
Moree,-29.49,149.85,CESM1-CAM5,rcp45,2030,4334.08,114.33,33.13,2.47,0.37,0.03,150.33,36,2.87,0.4
Moree,-29.49,149.85,CESM1-CAM5,rcp45,2050,4615.35,120.1,38.83,3.4,0.37,0.1,162.8,42.7,3.87,0.47
Moree,-29.49,149.85,CESM1-CAM5,rcp45,2070,4711.32,120.6,41.67,3.47,0.47,0.07,166.28,45.68,4.01,0.54
Moree,-29.49,149.85,CESM1-CAM5,rcp45,2090,4933.84,126.53,43.83,4.17,0.6,0.07,175.2,48.67,4.84,0.67
Moree,-29.49,149.85,CESM1-CAM5,rcp85,2030,4653.56,120.9,39.83,3.13,0.47,0.1,164.43,43.53,3.7,0.57
Moree,-29.49,149.85,CESM1-CAM5,rcp85,2050,4792.28,121.97,42.57,3.83,0.57,0.1,169.04,47.07,4.5,0.67
Moree,-29.49,149.85,CESM1-CAM5,rcp85,2070,5118.4,127.33,47.8,4.9,0.63,0.13,180.79,53.46,5.66,0.76
Moree,-29.49,149.85,CESM1-CAM5,rcp85,2090,5718.96,131.83,58.67,7.67,1,0.3,199.47,67.64,8.97,1.3
Moree,-29.49,149.85,GFDL-ESM2M,rcp45,2030,5183.39,137.37,45.93,4.33,0.53,0.1,188.26,50.89,4.96,0.63
Moree,-29.49,149.85,GFDL-ESM2M,rcp45,2050,5076.06,131.03,45.17,4.33,0.6,0.07,181.2,50.17,5,0.67
Moree,-29.49,149.85,GFDL-ESM2M,rcp45,2070,5976.15,142.5,63.27,6.9,0.87,0.07,213.61,71.11,7.84,0.94
Moree,-29.49,149.85,GFDL-ESM2M,rcp45,2090,5588.6,140.73,55.17,5.87,0.77,0.07,202.61,61.88,6.71,0.84
Moree,-29.49,149.85,GFDL-ESM2M,rcp85,2030,5393.26,135.43,51.1,5.43,0.6,0.13,192.69,57.26,6.16,0.73
Moree,-29.49,149.85,GFDL-ESM2M,rcp85,2050,6046.5,135.2,65.13,8.17,0.87,0.37,209.74,74.54,9.41,1.24
Moree,-29.49,149.85,GFDL-ESM2M,rcp85,2070,6189.23,141.67,66.3,8.5,0.97,0.3,217.74,76.07,9.77,1.27
Moree,-29.49,149.85,GFDL-ESM2M,rcp85,2090,7235.78,145.27,87.07,12.33,2.4,0.63,247.7,102.43,15.36,3.03
Moree,-29.49,149.85,MIROC5,rcp45,2030,4265.02,108.53,33.17,2.7,0.4,0.03,144.83,36.3,3.13,0.43
Moree,-29.49,149.85,MIROC5,rcp45,2050,4494.63,113.8,37.37,3.27,0.47,0.07,154.98,41.18,3.81,0.54
Moree,-29.49,149.85,MIROC5,rcp45,2070,4284.75,109.53,33.23,2.73,0.43,0.03,145.95,36.42,3.19,0.46
Moree,-29.49,149.85,MIROC5,rcp45,2090,4588.87,117.43,38.93,3.43,0.47,0.07,160.33,42.9,3.97,0.54
Moree,-29.49,149.85,MIROC5,rcp85,2030,4555.58,115.6,38,3.27,0.53,0.07,157.47,41.87,3.87,0.6
Moree,-29.49,149.85,MIROC5,rcp85,2050,4590.72,116.77,38.33,3.5,0.57,0.1,159.27,42.5,4.17,0.67
Moree,-29.49,149.85,MIROC5,rcp85,2070,4521.53,116.13,37.53,3.23,0.47,0.03,157.39,41.26,3.73,0.5
Moree,-29.49,149.85,MIROC5,rcp85,2090,4464.91,112.23,37.47,3.37,0.5,0.07,153.64,41.41,3.94,0.57
Moree,-29.49,149.85,OBS,historical,1995,4247.84,108.13,30.23,2.43,0.33,0.03,141.15,33.02,2.79,0.36
Mt-Gambier,-37.75,140.77,CESM1-CAM5,rcp45,2030,2105.6,29.47,11.6,1.87,0.23,0.1,43.27,13.8,2.2,0.33
Mt-Gambier,-37.75,140.77,CESM1-CAM5,rcp45,2050,2283.57,34.77,12.67,2.27,0.3,0.13,50.14,15.37,2.7,0.43
Mt-Gambier,-37.75,140.77,CESM1-CAM5,rcp45,2070,2306.11,34.57,12.67,2.4,0.3,0.13,50.07,15.5,2.83,0.43
Mt-Gambier,-37.75,140.77,CESM1-CAM5,rcp45,2090,2412.52,36.6,13.4,2.77,0.33,0.17,53.27,16.67,3.27,0.5
Mt-Gambier,-37.75,140.77,CESM1-CAM5,rcp85,2030,2208.83,33.37,11.93,2.3,0.27,0.13,48,14.63,2.7,0.4
Mt-Gambier,-37.75,140.77,CESM1-CAM5,rcp85,2050,2366.08,35.8,12.87,2.47,0.3,0.13,51.57,15.77,2.9,0.43
Mt-Gambier,-37.75,140.77,CESM1-CAM5,rcp85,2070,2557.87,40.97,13.93,3.23,0.57,0.2,58.9,17.93,4,0.77
Mt-Gambier,-37.75,140.77,CESM1-CAM5,rcp85,2090,2898.39,50.77,16.33,3.9,1,0.27,72.27,21.5,5.17,1.27
Mt-Gambier,-37.75,140.77,GFDL-ESM2M,rcp45,2030,2613.4,41.83,13.6,2.8,0.27,0.17,58.67,16.84,3.24,0.44
Mt-Gambier,-37.75,140.77,GFDL-ESM2M,rcp45,2050,2290.31,33.17,11.83,1.97,0.33,0.1,47.4,14.23,2.4,0.43
Mt-Gambier,-37.75,140.77,GFDL-ESM2M,rcp45,2070,2846.11,49.23,14.6,3.37,0.33,0.13,67.66,18.43,3.83,0.46
Mt-Gambier,-37.75,140.77,GFDL-ESM2M,rcp45,2090,2423.47,34.87,12.67,2.1,0.3,0.1,50.04,15.17,2.5,0.4
Mt-Gambier,-37.75,140.77,GFDL-ESM2M,rcp85,2030,2281.26,32.17,11.63,1.77,0.27,0.13,45.97,13.8,2.17,0.4
Mt-Gambier,-37.75,140.77,GFDL-ESM2M,rcp85,2050,2583.95,40.17,14.17,2.8,0.33,0.13,57.6,17.43,3.26,0.46
Mt-Gambier,-37.75,140.77,GFDL-ESM2M,rcp85,2070,2770.68,43.3,14.5,3.1,0.33,0.17,61.4,18.1,3.6,0.5
Mt-Gambier,-37.75,140.77,GFDL-ESM2M,rcp85,2090,3475.72,68.67,18.27,4.4,0.77,0.23,92.34,23.67,5.4,1
Mt-Gambier,-37.75,140.77,MIROC5,rcp45,2030,2134.31,29.87,11.63,1.87,0.27,0.07,43.71,13.84,2.21,0.34
Mt-Gambier,-37.75,140.77,MIROC5,rcp45,2050,2154.3,30.23,11.73,2.03,0.27,0.1,44.36,14.13,2.4,0.37
Mt-Gambier,-37.75,140.77,MIROC5,rcp45,2070,2132.44,29.87,11.97,2.07,0.23,0.1,44.24,14.37,2.4,0.33
Mt-Gambier,-37.75,140.77,MIROC5,rcp45,2090,2301.88,34.83,12.73,2.63,0.27,0.13,50.59,15.76,3.03,0.4
Mt-Gambier,-37.75,140.77,MIROC5,rcp85,2030,2157.75,30.13,11.93,1.8,0.23,0.1,44.19,14.06,2.13,0.33
Mt-Gambier,-37.75,140.77,MIROC5,rcp85,2050,2170.09,31.13,11.9,1.97,0.3,0.1,45.4,14.27,2.37,0.4
Mt-Gambier,-37.75,140.77,MIROC5,rcp85,2070,2223.3,31.57,12.6,2.3,0.3,0.13,46.9,15.33,2.73,0.43
Mt-Gambier,-37.75,140.77,MIROC5,rcp85,2090,2161.63,29.97,12.5,2.43,0.3,0.13,45.33,15.36,2.86,0.43
Mt-Gambier,-37.75,140.77,OBS,historical,1995,2026.79,27.23,10.73,1.6,0.27,0.07,39.9,12.67,1.94,0.34
Mt-Isa,-20.68,139.49,CESM1-CAM5,rcp45,2030,7935.04,139.13,125.27,12.5,0.43,0,277.33,138.2,12.93,0.43
Mt-Isa,-20.68,139.49,CESM1-CAM5,rcp45,2050,8235.01,132.7,130.47,16.57,0.53,0.03,280.3,147.6,17.13,0.56
Mt-Isa,-20.68,139.49,CESM1-CAM5,rcp45,2070,8194.29,131.13,131.77,15.33,0.5,0.03,278.76,147.63,15.86,0.53
Mt-Isa,-20.68,139.49,CESM1-CAM5,rcp45,2090,8295.57,129.7,132.8,16.87,0.6,0.03,280,150.3,17.5,0.63
Mt-Isa,-20.68,139.49,CESM1-CAM5,rcp85,2030,8035.84,130.6,129.27,14.03,0.47,0,274.37,143.77,14.5,0.47
Mt-Isa,-20.68,139.49,CESM1-CAM5,rcp85,2050,8621.95,126.2,138.03,19.67,1.13,0.03,285.06,158.86,20.83,1.16
Mt-Isa,-20.68,139.49,CESM1-CAM5,rcp85,2070,8926.49,118.13,145,22.9,1.2,0.07,287.3,169.17,24.17,1.27
Mt-Isa,-20.68,139.49,CESM1-CAM5,rcp85,2090,9055.81,115.6,144.1,25.47,1.6,0.1,286.87,171.27,27.17,1.7
Mt-Isa,-20.68,139.49,GFDL-ESM2M,rcp45,2030,8917.57,124.33,150.77,18.9,0.7,0.03,294.73,170.4,19.63,0.73
Mt-Isa,-20.68,139.49,GFDL-ESM2M,rcp45,2050,8690.33,129.5,142.6,18.6,0.6,0.03,291.33,161.83,19.23,0.63
Mt-Isa,-20.68,139.49,GFDL-ESM2M,rcp45,2070,9821.79,110.03,172.17,25.73,1.17,0.03,309.13,199.1,26.93,1.2
Mt-Isa,-20.68,139.49,GFDL-ESM2M,rcp45,2090,8730.97,119.53,154.13,16.33,0.47,0,290.46,170.93,16.8,0.47
Mt-Isa,-20.68,139.49,GFDL-ESM2M,rcp85,2030,8993.93,122,154.07,19.03,0.83,0.03,295.96,173.96,19.89,0.86
Mt-Isa,-20.68,139.49,GFDL-ESM2M,rcp85,2050,9703.74,113.1,163.23,27.03,1.8,0.03,305.19,192.09,28.86,1.83
Mt-Isa,-20.68,139.49,GFDL-ESM2M,rcp85,2070,9391.27,108.8,164.57,23.43,1,0.03,297.83,189.03,24.46,1.03
Mt-Isa,-20.68,139.49,GFDL-ESM2M,rcp85,2090,10270.63,98.17,177.5,31.57,1.83,0.1,309.17,211,33.5,1.93
Mt-Isa,-20.68,139.49,MIROC5,rcp45,2030,8211.17,133.33,128.43,16.7,0.67,0.03,279.16,145.83,17.4,0.7
Mt-Isa,-20.68,139.49,MIROC5,rcp45,2050,8150.69,134,126.1,16.67,0.73,0.03,277.53,143.53,17.43,0.76
Mt-Isa,-20.68,139.49,MIROC5,rcp45,2070,8440.33,129.73,135.9,18.07,0.63,0.03,284.36,154.63,18.73,0.66
Mt-Isa,-20.68,139.49,MIROC5,rcp45,2090,8974.53,120.97,147.27,22.07,1,0.03,291.34,170.37,23.1,1.03
Mt-Isa,-20.68,139.49,MIROC5,rcp85,2030,8633.13,128.07,137.9,20.17,0.9,0.03,287.07,159,21.1,0.93
Mt-Isa,-20.68,139.49,MIROC5,rcp85,2050,8743.09,125.93,138.33,21.53,1.17,0.03,286.99,161.06,22.73,1.2
Mt-Isa,-20.68,139.49,MIROC5,rcp85,2070,8896.15,123,142.67,22.3,1.37,0.03,289.37,166.37,23.7,1.4
Mt-Isa,-20.68,139.49,MIROC5,rcp85,2090,8833.62,120.63,142.33,22.2,1.23,0.03,286.42,165.79,23.46,1.26
Mt-Isa,-20.68,139.49,OBS,historical,1995,8118.1,139.63,124.8,12.87,0.43,0,277.73,138.1,13.3,0.43
Nowra,-34.95,150.54,CESM1-CAM5,rcp45,2030,1820.63,21.4,7.2,0.9,0.07,0.07,29.64,8.24,1.04,0.14
Nowra,-34.95,150.54,CESM1-CAM5,rcp45,2050,1954.89,24.73,8.07,1.03,0.1,0.07,34,9.27,1.2,0.17
Nowra,-34.95,150.54,CESM1-CAM5,rcp45,2070,1976.25,25.37,8.2,1.2,0.13,0.07,34.97,9.6,1.4,0.2
Nowra,-34.95,150.54,CESM1-CAM5,rcp45,2090,2090.36,27.43,8.93,1.37,0.17,0.07,37.97,10.54,1.61,0.24
Nowra,-34.95,150.54,CESM1-CAM5,rcp85,2030,1968.77,24.67,8.17,1.23,0.1,0.07,34.24,9.57,1.4,0.17
Nowra,-34.95,150.54,CESM1-CAM5,rcp85,2050,2051.88,26.37,8.57,1.53,0.17,0.07,36.71,10.34,1.77,0.24
Nowra,-34.95,150.54,CESM1-CAM5,rcp85,2070,2248.19,31.27,9.4,1.9,0.33,0.1,43,11.73,2.33,0.43
Nowra,-34.95,150.54,CESM1-CAM5,rcp85,2090,2555.24,39.1,11.37,2.63,0.5,0.17,53.77,14.67,3.3,0.67
Nowra,-34.95,150.54,GFDL-ESM2M,rcp45,2030,2026,26.27,8.63,1,0.1,0.07,36.07,9.8,1.17,0.17
Nowra,-34.95,150.54,GFDL-ESM2M,rcp45,2050,1900.67,23.97,7.57,1.1,0.1,0.07,32.81,8.84,1.27,0.17
Nowra,-34.95,150.54,GFDL-ESM2M,rcp45,2070,2163.45,28.93,9.37,1.27,0.13,0.07,39.77,10.84,1.47,0.2
Nowra,-34.95,150.54,GFDL-ESM2M,rcp45,2090,2044.71,26.23,8.87,1.13,0.1,0.07,36.4,10.17,1.3,0.17
Nowra,-34.95,150.54,GFDL-ESM2M,rcp85,2030,1954.23,24.67,8.3,1.1,0.1,0.07,34.24,9.57,1.27,0.17
Nowra,-34.95,150.54,GFDL-ESM2M,rcp85,2050,2101.35,27.83,8.83,1.5,0.13,0.1,38.39,10.56,1.73,0.23
Nowra,-34.95,150.54,GFDL-ESM2M,rcp85,2070,2265.89,31.53,9.8,1.87,0.27,0.1,43.57,12.04,2.24,0.37
Nowra,-34.95,150.54,GFDL-ESM2M,rcp85,2090,2568.16,37.67,12.37,2.47,0.47,0.13,53.11,15.44,3.07,0.6
Nowra,-34.95,150.54,MIROC5,rcp45,2030,1849.4,22.37,7.9,0.8,0.07,0.07,31.21,8.84,0.94,0.14
Nowra,-34.95,150.54,MIROC5,rcp45,2050,1923.88,23.83,8.27,1,0.07,0.07,33.24,9.41,1.14,0.14
Nowra,-34.95,150.54,MIROC5,rcp45,2070,1891.86,23.33,8.13,0.87,0.1,0.07,32.5,9.17,1.04,0.17
Nowra,-34.95,150.54,MIROC5,rcp45,2090,1984.3,24.97,8.57,1.07,0.1,0.07,34.78,9.81,1.24,0.17
Nowra,-34.95,150.54,MIROC5,rcp85,2030,1935.02,23.67,8.2,0.97,0.1,0.07,33.01,9.34,1.14,0.17
Nowra,-34.95,150.54,MIROC5,rcp85,2050,1993.43,26.07,8.47,1.07,0.1,0.07,35.78,9.71,1.24,0.17
Nowra,-34.95,150.54,MIROC5,rcp85,2070,2082.67,27.47,8.83,1.33,0.1,0.07,37.8,10.33,1.5,0.17
Nowra,-34.95,150.54,MIROC5,rcp85,2090,2015.55,27.03,8.57,1.37,0.13,0.07,37.17,10.14,1.57,0.2
Nowra,-34.95,150.54,OBS,historical,1995,1905.61,22.53,7.93,0.9,0.07,0.07,31.5,8.97,1.04,0.14
Perth-AP,-31.93,115.98,CESM1-CAM5,rcp45,2030,3667.32,77.67,33.83,2.63,0.1,0,114.23,36.56,2.73,0.1
Perth-AP,-31.93,115.98,CESM1-CAM5,rcp45,2050,3908.88,79.97,38.53,3.33,0.17,0,122,42.03,3.5,0.17
Perth-AP,-31.93,115.98,CESM1-CAM5,rcp45,2070,4167.7,84.23,42.47,4.4,0.2,0,131.3,47.07,4.6,0.2
Perth-AP,-31.93,115.98,CESM1-CAM5,rcp45,2090,4188.76,85.43,42.77,4.33,0.27,0,132.8,47.37,4.6,0.27
Perth-AP,-31.93,115.98,CESM1-CAM5,rcp85,2030,3836.77,79.43,37.9,3.03,0.1,0,120.46,41.03,3.13,0.1
Perth-AP,-31.93,115.98,CESM1-CAM5,rcp85,2050,4464.17,90.43,46.37,5.27,0.3,0,142.37,51.94,5.57,0.3
Perth-AP,-31.93,115.98,CESM1-CAM5,rcp85,2070,4464.17,90.43,46.37,5.27,0.3,0,142.37,51.94,5.57,0.3
Perth-AP,-31.93,115.98,CESM1-CAM5,rcp85,2090,4664.59,92.5,47.53,6.77,0.5,0,147.3,54.8,7.27,0.5
Perth-AP,-31.93,115.98,GFDL-ESM2M,rcp45,2030,4458.47,95.3,45.73,3.8,0.13,0,144.96,49.66,3.93,0.13
Perth-AP,-31.93,115.98,GFDL-ESM2M,rcp45,2050,4094.5,91.17,37.07,3,0.1,0,131.34,40.17,3.1,0.1
Perth-AP,-31.93,115.98,GFDL-ESM2M,rcp45,2070,4458.67,95.3,43.97,4.4,0.2,0,143.87,48.57,4.6,0.2
Perth-AP,-31.93,115.98,GFDL-ESM2M,rcp45,2090,4107.98,90.43,36.93,2.9,0.1,0,130.36,39.93,3,0.1
Perth-AP,-31.93,115.98,GFDL-ESM2M,rcp85,2030,4013.63,86.83,37.67,2.87,0.1,0,127.47,40.64,2.97,0.1
Perth-AP,-31.93,115.98,GFDL-ESM2M,rcp85,2050,4550.59,96.2,45.53,4.43,0.23,0,146.39,50.19,4.66,0.23
Perth-AP,-31.93,115.98,GFDL-ESM2M,rcp85,2070,4550.59,96.2,45.53,4.43,0.23,0,146.39,50.19,4.66,0.23
Perth-AP,-31.93,115.98,GFDL-ESM2M,rcp85,2090,5214.41,112.3,53.6,6.27,0.43,0,172.6,60.3,6.7,0.43
Perth-AP,-31.93,115.98,MIROC5,rcp45,2030,3782.76,78.4,36.43,2.93,0.1,0,117.86,39.46,3.03,0.1
Perth-AP,-31.93,115.98,MIROC5,rcp45,2050,3838.84,79.2,37.7,3.17,0.13,0,120.2,41,3.3,0.13
Perth-AP,-31.93,115.98,MIROC5,rcp45,2070,3856.8,78.63,38.07,3.33,0.13,0,120.16,41.53,3.46,0.13
Perth-AP,-31.93,115.98,MIROC5,rcp45,2090,3878.7,79.1,38.4,3.43,0.13,0,121.06,41.96,3.56,0.13
Perth-AP,-31.93,115.98,MIROC5,rcp85,2030,3776.17,79.53,36.1,2.87,0.1,0,118.6,39.07,2.97,0.1
Perth-AP,-31.93,115.98,MIROC5,rcp85,2050,3913.2,80.3,38.2,3.27,0.13,0,121.9,41.6,3.4,0.13
Perth-AP,-31.93,115.98,MIROC5,rcp85,2070,3913.2,80.3,38.2,3.27,0.13,0,121.9,41.6,3.4,0.13
Perth-AP,-31.93,115.98,MIROC5,rcp85,2090,4246.01,85.6,43.37,4.73,0.3,0,134,48.4,5.03,0.3
Perth-AP,-31.93,115.98,OBS,historical,1995,3647.17,77.87,33.13,2.5,0.07,0,113.57,35.7,2.57,0.07
Port-Hedland,-20.37,118.63,CESM1-CAM5,rcp45,2030,6973.51,140.5,89.6,10.87,1.17,0.07,242.21,101.71,12.11,1.24
Port-Hedland,-20.37,118.63,CESM1-CAM5,rcp45,2050,7467.14,143.43,99,14.3,1.63,0.13,258.49,115.06,16.06,1.76
Port-Hedland,-20.37,118.63,CESM1-CAM5,rcp45,2070,7420.42,142.33,98.07,13.6,1.6,0.1,255.7,113.37,15.3,1.7
Port-Hedland,-20.37,118.63,CESM1-CAM5,rcp45,2090,7615.19,140.43,101.57,15.47,1.73,0.13,259.33,118.9,17.33,1.86
Port-Hedland,-20.37,118.63,CESM1-CAM5,rcp85,2030,7160.95,139.33,93.7,12.73,1.23,0.07,247.06,107.73,14.03,1.3
Port-Hedland,-20.37,118.63,CESM1-CAM5,rcp85,2050,8170.95,143,112.6,17.73,2.2,0.17,275.7,132.7,20.1,2.37
Port-Hedland,-20.37,118.63,CESM1-CAM5,rcp85,2070,8076.97,138.03,111.27,18.37,2.17,0.17,270.01,131.98,20.71,2.34
Port-Hedland,-20.37,118.63,CESM1-CAM5,rcp85,2090,8510.48,133.93,118.2,22.33,3,0.27,277.73,143.8,25.6,3.27
Port-Hedland,-20.37,118.63,GFDL-ESM2M,rcp45,2030,9738.4,137.8,149.1,26.83,3.47,0.3,317.5,179.7,30.6,3.77
Port-Hedland,-20.37,118.63,GFDL-ESM2M,rcp45,2050,8263.68,135.7,119.8,18.7,2.1,0.17,276.47,140.77,20.97,2.27
Port-Hedland,-20.37,118.63,GFDL-ESM2M,rcp45,2070,10275.47,128,157.63,32.03,4.43,0.5,322.59,194.59,36.96,4.93
Port-Hedland,-20.37,118.63,GFDL-ESM2M,rcp45,2090,8477.5,129.9,125.77,20.23,2.17,0.07,278.14,148.24,22.47,2.24
Port-Hedland,-20.37,118.63,GFDL-ESM2M,rcp85,2030,8803.2,136.5,131.13,21.17,2,0.1,290.9,154.4,23.27,2.1
Port-Hedland,-20.37,118.63,GFDL-ESM2M,rcp85,2050,9834.44,133.53,144.8,29.8,4.27,0.53,312.93,179.4,34.6,4.8
Port-Hedland,-20.37,118.63,GFDL-ESM2M,rcp85,2070,9935.49,122.77,148.47,31.83,4.03,0.43,307.53,184.76,36.29,4.46
Port-Hedland,-20.37,118.63,GFDL-ESM2M,rcp85,2090,11489.31,107.2,165.43,46.07,7.73,1.23,327.66,220.46,55.03,8.96
Port-Hedland,-20.37,118.63,MIROC5,rcp45,2030,7119.12,137.43,92.83,12.5,1.07,0.07,243.9,106.47,13.64,1.14
Port-Hedland,-20.37,118.63,MIROC5,rcp45,2050,6970.65,135.1,88.63,12.03,1.33,0.07,237.16,102.06,13.43,1.4
Port-Hedland,-20.37,118.63,MIROC5,rcp45,2070,7103.45,135.87,92.5,12.33,1.2,0.07,241.97,106.1,13.6,1.27
Port-Hedland,-20.37,118.63,MIROC5,rcp45,2090,7456.92,137.6,99.27,14.43,1.53,0.07,252.9,115.3,16.03,1.6
Port-Hedland,-20.37,118.63,MIROC5,rcp85,2030,7119.97,140.1,91.13,12.33,1.27,0.07,244.9,104.8,13.67,1.34
Port-Hedland,-20.37,118.63,MIROC5,rcp85,2050,7380.67,137.03,97.73,13.93,1.53,0.07,250.29,113.26,15.53,1.6
Port-Hedland,-20.37,118.63,MIROC5,rcp85,2070,7100.19,133.8,92.8,12.6,1.17,0.07,240.44,106.64,13.84,1.24
Port-Hedland,-20.37,118.63,MIROC5,rcp85,2090,7149.91,130.27,94.2,13.6,1.23,0.07,239.37,109.1,14.9,1.3
Port-Hedland,-20.37,118.63,OBS,historical,1995,6998,142.63,86.63,10.67,1,0.07,241,98.37,11.74,1.07
Richmond,-33.6,150.78,CESM1-CAM5,rcp45,2030,2651.23,50.3,13.63,1.3,0.37,0,65.6,15.3,1.67,0.37
Richmond,-33.6,150.78,CESM1-CAM5,rcp45,2050,2746.03,52.27,14.87,1.47,0.4,0,69.01,16.74,1.87,0.4
Richmond,-33.6,150.78,CESM1-CAM5,rcp45,2070,2813.8,53.83,15.87,1.5,0.37,0.07,71.64,17.81,1.94,0.44
Richmond,-33.6,150.78,CESM1-CAM5,rcp45,2090,2979.99,57.37,17.73,1.57,0.47,0.07,77.21,19.84,2.11,0.54
Richmond,-33.6,150.78,CESM1-CAM5,rcp85,2030,2817.32,53.83,15.73,1.4,0.47,0.07,71.5,17.67,1.94,0.54
Richmond,-33.6,150.78,CESM1-CAM5,rcp85,2050,2915.57,56.2,16.87,1.7,0.5,0.1,75.37,19.17,2.3,0.6
Richmond,-33.6,150.78,CESM1-CAM5,rcp85,2070,3169.74,61.77,20.1,2.13,0.67,0.23,84.9,23.13,3.03,0.9
Richmond,-33.6,150.78,CESM1-CAM5,rcp85,2090,3574.69,71.13,24.53,3.47,0.9,0.37,100.4,29.27,4.74,1.27
Richmond,-33.6,150.78,GFDL-ESM2M,rcp45,2030,2877.78,55.47,16.1,1.43,0.43,0,73.43,17.96,1.86,0.43
Richmond,-33.6,150.78,GFDL-ESM2M,rcp45,2050,2844.2,54.57,16,1.5,0.37,0.07,72.51,17.94,1.94,0.44
Richmond,-33.6,150.78,GFDL-ESM2M,rcp45,2070,3210.98,63.53,19.57,2.07,0.47,0.07,85.71,22.18,2.61,0.54
Richmond,-33.6,150.78,GFDL-ESM2M,rcp45,2090,3176.87,62.43,19.1,2.03,0.53,0.07,84.16,21.73,2.63,0.6
Richmond,-33.6,150.78,GFDL-ESM2M,rcp85,2030,3009.63,58.93,17.77,1.97,0.4,0.1,79.17,20.24,2.47,0.5
Richmond,-33.6,150.78,GFDL-ESM2M,rcp85,2050,3264.12,64.33,20.73,2.37,0.63,0.17,88.23,23.9,3.17,0.8
Richmond,-33.6,150.78,GFDL-ESM2M,rcp85,2070,3366.52,65.97,22.3,2.37,0.63,0.23,91.5,25.53,3.23,0.86
Richmond,-33.6,150.78,GFDL-ESM2M,rcp85,2090,3881.02,77.03,28.07,3.97,1.03,0.37,110.47,33.44,5.37,1.4
Richmond,-33.6,150.78,MIROC5,rcp45,2030,2638.92,49.57,13.97,1.37,0.37,0,65.28,15.71,1.74,0.37
Richmond,-33.6,150.78,MIROC5,rcp45,2050,2763.31,52.43,15.3,1.43,0.33,0.03,69.52,17.09,1.79,0.36
Richmond,-33.6,150.78,MIROC5,rcp45,2070,2631.29,49.1,13.93,1.37,0.33,0,64.73,15.63,1.7,0.33
Richmond,-33.6,150.78,MIROC5,rcp45,2090,2743.67,52.13,15.17,1.37,0.37,0,69.04,16.91,1.74,0.37
Richmond,-33.6,150.78,MIROC5,rcp85,2030,2781.87,52.13,15.63,1.5,0.37,0.03,69.66,17.53,1.9,0.4
Richmond,-33.6,150.78,MIROC5,rcp85,2050,2802.3,52.6,15.87,1.53,0.37,0.03,70.4,17.8,1.93,0.4
Richmond,-33.6,150.78,MIROC5,rcp85,2070,2766.03,52.67,15.37,1.43,0.37,0,69.84,17.17,1.8,0.37
Richmond,-33.6,150.78,MIROC5,rcp85,2090,2830.4,54.03,16.8,1.6,0.37,0.03,72.83,18.8,2,0.4
Richmond,-33.6,150.78,OBS,historical,1995,2647.98,47.1,13.2,1.23,0.37,0,61.9,14.8,1.6,0.37
Rockhampton,-23.38,150.48,CESM1-CAM5,rcp45,2030,3305.31,84.33,12.67,0.67,0.03,0.03,97.73,13.4,0.73,0.06
Rockhampton,-23.38,150.48,CESM1-CAM5,rcp45,2050,3490.94,95.93,14.17,0.77,0.03,0.03,110.93,15,0.83,0.06
Rockhampton,-23.38,150.48,CESM1-CAM5,rcp45,2070,3426.82,93.1,13.83,0.83,0.03,0.03,107.82,14.72,0.89,0.06
Rockhampton,-23.38,150.48,CESM1-CAM5,rcp45,2090,3603.42,101.03,15.67,0.93,0.07,0.03,117.73,16.7,1.03,0.1
Rockhampton,-23.38,150.48,CESM1-CAM5,rcp85,2030,3459.91,95.07,14.3,0.77,0.07,0.03,110.24,15.17,0.87,0.1
Rockhampton,-23.38,150.48,CESM1-CAM5,rcp85,2050,3760.33,110.53,17.17,1.03,0.1,0.03,128.86,18.33,1.16,0.13
Rockhampton,-23.38,150.48,CESM1-CAM5,rcp85,2070,4056.08,124.3,20.4,1.47,0.17,0.07,146.41,22.11,1.71,0.24
Rockhampton,-23.38,150.48,CESM1-CAM5,rcp85,2090,4070.57,121.63,21.7,1.77,0.2,0.07,145.37,23.74,2.04,0.27
Rockhampton,-23.38,150.48,GFDL-ESM2M,rcp45,2030,4020.84,125.03,18.8,1.03,0.1,0.03,144.99,19.96,1.16,0.13
Rockhampton,-23.38,150.48,GFDL-ESM2M,rcp45,2050,3886.89,116.1,17.97,1,0.07,0.03,135.17,19.07,1.1,0.1
Rockhampton,-23.38,150.48,GFDL-ESM2M,rcp45,2070,4409.37,142.6,23.03,1.47,0.13,0.03,167.26,24.66,1.63,0.16
Rockhampton,-23.38,150.48,GFDL-ESM2M,rcp45,2090,4150.43,129.27,20.53,1.3,0.1,0.03,151.23,21.96,1.43,0.13
Rockhampton,-23.38,150.48,GFDL-ESM2M,rcp85,2030,4142.56,129.33,20.43,1.37,0.03,0.07,151.23,21.9,1.47,0.1
Rockhampton,-23.38,150.48,GFDL-ESM2M,rcp85,2050,4415.77,140.33,24.07,1.7,0.13,0.07,166.3,25.97,1.9,0.2
Rockhampton,-23.38,150.48,GFDL-ESM2M,rcp85,2070,4621.57,148.47,26.57,2.07,0.2,0.1,177.41,28.94,2.37,0.3
Rockhampton,-23.38,150.48,GFDL-ESM2M,rcp85,2090,4991.84,165.13,32,2.4,0.2,0.1,199.83,34.7,2.7,0.3
Rockhampton,-23.38,150.48,MIROC5,rcp45,2030,3400.74,89.7,13.47,0.8,0.13,0,104.1,14.4,0.93,0.13
Rockhampton,-23.38,150.48,MIROC5,rcp45,2050,3522.4,95.43,15,0.77,0.13,0,111.33,15.9,0.9,0.13
Rockhampton,-23.38,150.48,MIROC5,rcp45,2070,3489.14,93.47,14.13,0.8,0.1,0.03,108.53,15.06,0.93,0.13
Rockhampton,-23.38,150.48,MIROC5,rcp45,2090,3622.27,103.03,15.4,0.8,0.07,0.03,119.33,16.3,0.9,0.1
Rockhampton,-23.38,150.48,MIROC5,rcp85,2030,3712.89,107.8,15.93,0.93,0.1,0.03,124.79,16.99,1.06,0.13
Rockhampton,-23.38,150.48,MIROC5,rcp85,2050,3807.09,110.3,17.23,1.2,0.1,0.07,128.9,18.6,1.37,0.17
Rockhampton,-23.38,150.48,MIROC5,rcp85,2070,3808.55,111.1,17.3,1.17,0.1,0.03,129.7,18.6,1.3,0.13
Rockhampton,-23.38,150.48,MIROC5,rcp85,2090,3647.98,101.93,16.7,1,0.1,0.03,119.76,17.83,1.13,0.13
Rockhampton,-23.38,150.48,OBS,historical,1995,3355.13,84.13,12.23,0.6,0.07,0,97.03,12.9,0.67,0.07
Sale,-38.12,147.13,CESM1-CAM5,rcp45,2030,1878.52,25.23,5.7,0.5,0.1,0.07,31.6,6.37,0.67,0.17
Sale,-38.12,147.13,CESM1-CAM5,rcp45,2050,2036.12,28.9,6.8,0.7,0.1,0.07,36.57,7.67,0.87,0.17
Sale,-38.12,147.13,CESM1-CAM5,rcp45,2070,2053.6,29.97,7.03,0.83,0.1,0.07,38,8.03,1,0.17
Sale,-38.12,147.13,CESM1-CAM5,rcp45,2090,2174.88,32.43,8.03,0.93,0.07,0.1,41.56,9.13,1.1,0.17
Sale,-38.12,147.13,CESM1-CAM5,rcp85,2030,2053.92,29.77,7,0.8,0.1,0.07,37.74,7.97,0.97,0.17
Sale,-38.12,147.13,CESM1-CAM5,rcp85,2050,2134.96,31.73,7.67,0.97,0.03,0.13,40.53,8.8,1.13,0.16
Sale,-38.12,147.13,CESM1-CAM5,rcp85,2070,2358.65,38,9.43,1.47,0.07,0.17,49.14,11.14,1.71,0.24
Sale,-38.12,147.13,CESM1-CAM5,rcp85,2090,2712.34,48.07,11.7,1.93,0.33,0.17,62.2,14.13,2.43,0.5
Sale,-38.12,147.13,GFDL-ESM2M,rcp45,2030,2114.72,31.4,7.33,0.8,0.1,0.07,39.7,8.3,0.97,0.17
Sale,-38.12,147.13,GFDL-ESM2M,rcp45,2050,1949.05,26.6,6.27,0.67,0.1,0.07,33.71,7.11,0.84,0.17
Sale,-38.12,147.13,GFDL-ESM2M,rcp45,2070,2284.55,35.8,8.4,1,0.07,0.1,45.37,9.57,1.17,0.17
Sale,-38.12,147.13,GFDL-ESM2M,rcp45,2090,2113.68,30.8,7.3,0.77,0.13,0.03,39.03,8.23,0.93,0.16
Sale,-38.12,147.13,GFDL-ESM2M,rcp85,2030,1999.89,28.1,6.5,0.77,0.1,0.07,35.54,7.44,0.94,0.17
Sale,-38.12,147.13,GFDL-ESM2M,rcp85,2050,2176.82,31.63,8.13,0.83,0.07,0.1,40.76,9.13,1,0.17
Sale,-38.12,147.13,GFDL-ESM2M,rcp85,2070,2371.91,37.57,9.3,1.13,0.03,0.13,48.16,10.59,1.29,0.16
Sale,-38.12,147.13,GFDL-ESM2M,rcp85,2090,2737.73,48.47,12.03,1.63,0.2,0.13,62.46,13.99,1.96,0.33
Sale,-38.12,147.13,MIROC5,rcp45,2030,1874.35,24.93,5.9,0.47,0.17,0,31.47,6.54,0.64,0.17
Sale,-38.12,147.13,MIROC5,rcp45,2050,1970.98,27.57,6.33,0.57,0.13,0.03,34.63,7.06,0.73,0.16
Sale,-38.12,147.13,MIROC5,rcp45,2070,1934.16,26.27,6.17,0.57,0.13,0.03,33.17,6.9,0.73,0.16
Sale,-38.12,147.13,MIROC5,rcp45,2090,2070.65,29.7,7.2,0.7,0.1,0.07,37.77,8.07,0.87,0.17
Sale,-38.12,147.13,MIROC5,rcp85,2030,1991.33,28.13,6.63,0.6,0.1,0.07,35.53,7.4,0.77,0.17
Sale,-38.12,147.13,MIROC5,rcp85,2050,2037.04,29.53,6.87,0.73,0.1,0.07,37.3,7.77,0.9,0.17
Sale,-38.12,147.13,MIROC5,rcp85,2070,2151.02,32.4,7.67,0.8,0.07,0.1,41.04,8.64,0.97,0.17
Sale,-38.12,147.13,MIROC5,rcp85,2090,2048.31,29.43,7.3,0.8,0.1,0.07,37.7,8.27,0.97,0.17
Sale,-38.12,147.13,OBS,historical,1995,1849.21,23.93,5.27,0.5,0.1,0.07,29.87,5.94,0.67,0.17
Sydney-AP,-33.94,151.17,CESM1-CAM5,rcp45,2030,2014.65,29.87,6.4,1.23,0.2,0,37.7,7.83,1.43,0.2
Sydney-AP,-33.94,151.17,CESM1-CAM5,rcp45,2050,2096.39,32.4,7,1.33,0.2,0,40.93,8.53,1.53,0.2
Sydney-AP,-33.94,151.17,CESM1-CAM5,rcp45,2070,2149.25,34.27,7.47,1.43,0.2,0.03,43.4,9.13,1.66,0.23
Sydney-AP,-33.94,151.17,CESM1-CAM5,rcp45,2090,2276.75,36.83,8.17,1.6,0.23,0.03,46.86,10.03,1.86,0.26
Sydney-AP,-33.94,151.17,CESM1-CAM5,rcp85,2030,2169.47,34.47,7.27,1.53,0.2,0.03,43.5,9.03,1.76,0.23
Sydney-AP,-33.94,151.17,CESM1-CAM5,rcp85,2050,2253.66,36.7,8.17,1.47,0.33,0.03,46.7,10,1.83,0.36
Sydney-AP,-33.94,151.17,CESM1-CAM5,rcp85,2070,2463.79,41.57,9.9,1.8,0.57,0.1,53.94,12.37,2.47,0.67
Sydney-AP,-33.94,151.17,CESM1-CAM5,rcp85,2090,2816.62,52.23,12.33,2.53,0.77,0.17,68.03,15.8,3.47,0.94
Sydney-AP,-33.94,151.17,GFDL-ESM2M,rcp45,2030,2205.3,34.6,7.53,1.5,0.2,0.03,43.86,9.26,1.73,0.23
Sydney-AP,-33.94,151.17,GFDL-ESM2M,rcp45,2050,2178.26,33.9,7.47,1.47,0.23,0.03,43.1,9.2,1.73,0.26
Sydney-AP,-33.94,151.17,GFDL-ESM2M,rcp45,2070,2476,41.57,9.33,1.8,0.3,0.03,53.03,11.46,2.13,0.33
Sydney-AP,-33.94,151.17,GFDL-ESM2M,rcp45,2090,2443.18,41.17,9.13,1.87,0.37,0.03,52.57,11.4,2.27,0.4
Sydney-AP,-33.94,151.17,GFDL-ESM2M,rcp85,2030,2330.92,38.17,8.37,1.63,0.27,0.03,48.47,10.3,1.93,0.3
Sydney-AP,-33.94,151.17,GFDL-ESM2M,rcp85,2050,2558.16,44.73,9.8,1.77,0.53,0.07,56.9,12.17,2.37,0.6
Sydney-AP,-33.94,151.17,GFDL-ESM2M,rcp85,2070,2608.72,45.7,10.03,2.13,0.57,0.1,58.53,12.83,2.8,0.67
Sydney-AP,-33.94,151.17,GFDL-ESM2M,rcp85,2090,3068.94,58.3,13.47,3,1.07,0.23,76.07,17.77,4.3,1.3
Sydney-AP,-33.94,151.17,MIROC5,rcp45,2030,2009.66,30.13,6.73,1.33,0.17,0,38.36,8.23,1.5,0.17
Sydney-AP,-33.94,151.17,MIROC5,rcp45,2050,2108.76,31.87,7.47,1.5,0.13,0.03,41,9.13,1.66,0.16
Sydney-AP,-33.94,151.17,MIROC5,rcp45,2070,1991.22,29.37,6.8,1.23,0.17,0,37.57,8.2,1.4,0.17
Sydney-AP,-33.94,151.17,MIROC5,rcp45,2090,2083.75,31.5,7.1,1.4,0.2,0,40.2,8.7,1.6,0.2
Sydney-AP,-33.94,151.17,MIROC5,rcp85,2030,2130.1,32.53,7.47,1.53,0.2,0.03,41.76,9.23,1.76,0.23
Sydney-AP,-33.94,151.17,MIROC5,rcp85,2050,2135.91,32.8,7.47,1.6,0.23,0.03,42.13,9.33,1.86,0.26
Sydney-AP,-33.94,151.17,MIROC5,rcp85,2070,2075.37,31.3,7.1,1.37,0.2,0,39.97,8.67,1.57,0.2
Sydney-AP,-33.94,151.17,MIROC5,rcp85,2090,2129.21,33.23,7.9,1.43,0.23,0.03,42.82,9.59,1.69,0.26
Sydney-AP,-33.94,151.17,OBS,historical,1995,2029.44,29.1,6.67,1.13,0.2,0,37.1,8,1.33,0.2
Tennant-Creek,-19.64,134.18,CESM1-CAM5,rcp45,2030,8865.99,124.23,153.5,16.5,0.8,0,295.03,170.8,17.3,0.8
Tennant-Creek,-19.64,134.18,CESM1-CAM5,rcp45,2050,9411.72,114,160.93,23.13,1.13,0,299.19,185.19,24.26,1.13
Tennant-Creek,-19.64,134.18,CESM1-CAM5,rcp45,2070,9388.37,113.63,162.5,22.57,0.9,0.03,299.63,186,23.5,0.93
Tennant-Creek,-19.64,134.18,CESM1-CAM5,rcp45,2090,9600.4,108.8,166,24.83,1.03,0.03,300.69,191.89,25.89,1.06
Tennant-Creek,-19.64,134.18,CESM1-CAM5,rcp85,2030,9094.01,118.87,156.9,19.27,0.8,0,295.84,176.97,20.07,0.8
Tennant-Creek,-19.64,134.18,CESM1-CAM5,rcp85,2050,10035.6,101.2,175.37,28.3,1.33,0.03,306.23,205.03,29.66,1.36
Tennant-Creek,-19.64,134.18,CESM1-CAM5,rcp85,2070,10088.77,96.37,174.03,30.8,1.53,0.03,302.76,206.39,32.36,1.56
Tennant-Creek,-19.64,134.18,CESM1-CAM5,rcp85,2090,10516.78,87.47,175.47,38.77,2.1,0.13,303.94,216.47,41,2.23
Tennant-Creek,-19.64,134.18,GFDL-ESM2M,rcp45,2030,11242.36,79.93,197.27,40.6,2.37,0.2,320.37,240.44,43.17,2.57
Tennant-Creek,-19.64,134.18,GFDL-ESM2M,rcp45,2050,9971.57,101.1,176.47,27.2,1.13,0,305.9,204.8,28.33,1.13
Tennant-Creek,-19.64,134.18,GFDL-ESM2M,rcp45,2070,11739.95,72.27,197.43,49.3,3.1,0.2,322.3,250.03,52.6,3.3
Tennant-Creek,-19.64,134.18,GFDL-ESM2M,rcp45,2090,10232.33,92.7,183.07,30.93,1.03,0,307.73,215.03,31.96,1.03
Tennant-Creek,-19.64,134.18,GFDL-ESM2M,rcp85,2030,10458.61,92.77,185.07,31.83,1.37,0.07,311.11,218.34,33.27,1.44
Tennant-Creek,-19.64,134.18,GFDL-ESM2M,rcp85,2050,11435.51,83.5,183.83,48.3,3.17,0.27,319.07,235.57,51.74,3.44
Tennant-Creek,-19.64,134.18,GFDL-ESM2M,rcp85,2070,11578.81,69.93,193.13,50.4,2.7,0.13,316.29,246.36,53.23,2.83
Tennant-Creek,-19.64,134.18,GFDL-ESM2M,rcp85,2090,12962.27,50.37,197.47,71.8,5.27,0.37,325.28,274.91,77.44,5.64
Tennant-Creek,-19.64,134.18,MIROC5,rcp45,2030,8982.84,120.9,153.73,18.57,0.63,0,293.83,172.93,19.2,0.63
Tennant-Creek,-19.64,134.18,MIROC5,rcp45,2050,8857.13,122.5,148.9,18.63,0.8,0,290.83,168.33,19.43,0.8
Tennant-Creek,-19.64,134.18,MIROC5,rcp45,2070,9048.51,118.6,155.6,19.37,0.83,0,294.4,175.8,20.2,0.83
Tennant-Creek,-19.64,134.18,MIROC5,rcp45,2090,9377.93,112.47,162.8,22.33,0.9,0,298.5,186.03,23.23,0.9
Tennant-Creek,-19.64,134.18,MIROC5,rcp85,2030,9012.72,121.73,152.03,19.57,0.93,0,294.26,172.53,20.5,0.93
Tennant-Creek,-19.64,134.18,MIROC5,rcp85,2050,9278.52,115.67,157.93,21.9,0.97,0,296.47,180.8,22.87,0.97
Tennant-Creek,-19.64,134.18,MIROC5,rcp85,2070,9123.63,116.13,157.57,20.5,0.8,0,295,178.87,21.3,0.8
Tennant-Creek,-19.64,134.18,MIROC5,rcp85,2090,9225.34,110.87,159.9,22.03,0.8,0,293.6,182.73,22.83,0.8
Tennant-Creek,-19.64,134.18,OBS,historical,1995,8915.43,130.67,147.1,16.07,0.63,0,294.47,163.8,16.7,0.63
Townsville,-19.25,146.77,CESM1-CAM5,rcp45,2030,2576.29,42.23,5.83,0.17,0,0,48.23,6,0.17,0
Townsville,-19.25,146.77,CESM1-CAM5,rcp45,2050,2705.35,49.43,6.2,0.27,0,0,55.9,6.47,0.27,0
Townsville,-19.25,146.77,CESM1-CAM5,rcp45,2070,2646.25,45.93,6,0.17,0,0,52.1,6.17,0.17,0
Townsville,-19.25,146.77,CESM1-CAM5,rcp45,2090,2685.05,48.03,6.17,0.3,0,0,54.5,6.47,0.3,0
Townsville,-19.25,146.77,CESM1-CAM5,rcp85,2030,2609.99,45.27,6.03,0.23,0,0,51.53,6.26,0.23,0
Townsville,-19.25,146.77,CESM1-CAM5,rcp85,2050,2933.69,62.33,7.2,0.33,0,0,69.86,7.53,0.33,0
Townsville,-19.25,146.77,CESM1-CAM5,rcp85,2070,3047.63,68.6,8.37,0.37,0,0,77.34,8.74,0.37,0
Townsville,-19.25,146.77,CESM1-CAM5,rcp85,2090,3022.19,66.8,8.87,0.37,0,0,76.04,9.24,0.37,0
Townsville,-19.25,146.77,GFDL-ESM2M,rcp45,2030,3299.94,82.87,8.77,0.3,0,0,91.94,9.07,0.3,0
Townsville,-19.25,146.77,GFDL-ESM2M,rcp45,2050,3106.74,70.63,7.77,0.2,0,0,78.6,7.97,0.2,0
Townsville,-19.25,146.77,GFDL-ESM2M,rcp45,2070,3860.63,122.87,12.13,0.37,0,0,135.37,12.5,0.37,0
Townsville,-19.25,146.77,GFDL-ESM2M,rcp45,2090,3194.93,78.1,9.2,0.27,0,0,87.57,9.47,0.27,0
Townsville,-19.25,146.77,GFDL-ESM2M,rcp85,2030,3338.69,85.8,9.63,0.3,0,0,95.73,9.93,0.3,0
Townsville,-19.25,146.77,GFDL-ESM2M,rcp85,2050,3696.23,110.93,11,0.4,0,0,122.33,11.4,0.4,0
Townsville,-19.25,146.77,GFDL-ESM2M,rcp85,2070,3560.04,99.73,12.27,0.37,0,0,112.37,12.64,0.37,0
Townsville,-19.25,146.77,GFDL-ESM2M,rcp85,2090,4017.02,130.73,15.47,0.43,0,0,146.63,15.9,0.43,0
Townsville,-19.25,146.77,MIROC5,rcp45,2030,2728.36,50.97,6.5,0.23,0,0,57.7,6.73,0.23,0
Townsville,-19.25,146.77,MIROC5,rcp45,2050,2661.19,48.17,6.17,0.23,0,0,54.57,6.4,0.23,0
Townsville,-19.25,146.77,MIROC5,rcp45,2070,2830.34,54.5,7.3,0.27,0,0,62.07,7.57,0.27,0
Townsville,-19.25,146.77,MIROC5,rcp45,2090,3144.01,73.4,8.87,0.33,0,0,82.6,9.2,0.33,0
Townsville,-19.25,146.77,MIROC5,rcp85,2030,2999.09,66.2,7.7,0.33,0,0,74.23,8.03,0.33,0
Townsville,-19.25,146.77,MIROC5,rcp85,2050,3027.07,68.63,8.2,0.4,0,0,77.23,8.6,0.4,0
Townsville,-19.25,146.77,MIROC5,rcp85,2070,3042.01,67.07,8.4,0.33,0,0,75.8,8.73,0.33,0
Townsville,-19.25,146.77,MIROC5,rcp85,2090,2920.5,60.2,7.97,0.33,0,0,68.5,8.3,0.33,0
Townsville,-19.25,146.77,OBS,historical,1995,2704.04,45.6,5.87,0.17,0,0,51.64,6.04,0.17,0
Wagga,-35.16,147.46,CESM1-CAM5,rcp45,2030,3742.87,71.8,33.53,5.27,0.73,0.13,111.46,39.66,6.13,0.86
Wagga,-35.16,147.46,CESM1-CAM5,rcp45,2050,3995.62,74.2,37.83,6.07,0.8,0.17,119.07,44.87,7.04,0.97
Wagga,-35.16,147.46,CESM1-CAM5,rcp45,2070,4068.64,74.4,38.67,6.23,0.93,0.17,120.4,46,7.33,1.1
Wagga,-35.16,147.46,CESM1-CAM5,rcp45,2090,4214.63,74.6,41.2,6.63,1.2,0.23,123.86,49.26,8.06,1.43
Wagga,-35.16,147.46,CESM1-CAM5,rcp85,2030,3896.2,73.43,36,5.77,0.87,0.13,116.2,42.77,6.77,1
Wagga,-35.16,147.46,CESM1-CAM5,rcp85,2050,4148.51,76.17,39.67,6.17,0.97,0.23,123.21,47.04,7.37,1.2
Wagga,-35.16,147.46,CESM1-CAM5,rcp85,2070,4423.72,76.2,44.03,7.27,1.8,0.27,129.57,53.37,9.34,2.07
Wagga,-35.16,147.46,CESM1-CAM5,rcp85,2090,4948.27,75,51.67,9.73,2.63,0.6,139.63,64.63,12.96,3.23
Wagga,-35.16,147.46,GFDL-ESM2M,rcp45,2030,4523.04,80.67,45.03,6.97,1.1,0.23,134,53.33,8.3,1.33
Wagga,-35.16,147.46,GFDL-ESM2M,rcp45,2050,4069.97,73.4,37.97,5.97,1,0.2,118.54,45.14,7.17,1.2
Wagga,-35.16,147.46,GFDL-ESM2M,rcp45,2070,4886.11,84.33,51.13,7.6,1.5,0.33,144.89,60.56,9.43,1.83
Wagga,-35.16,147.46,GFDL-ESM2M,rcp45,2090,4302.12,81.63,40.37,6.1,1,0.17,129.27,47.64,7.27,1.17
Wagga,-35.16,147.46,GFDL-ESM2M,rcp85,2030,4063.58,77.4,36.83,5.47,0.97,0.17,120.84,43.44,6.61,1.14
Wagga,-35.16,147.46,GFDL-ESM2M,rcp85,2050,4498.21,79.33,44.93,6.97,1.23,0.3,132.76,53.43,8.5,1.53
Wagga,-35.16,147.46,GFDL-ESM2M,rcp85,2070,4815.09,84.93,48.2,7.33,1.67,0.33,142.46,57.53,9.33,2
Wagga,-35.16,147.46,GFDL-ESM2M,rcp85,2090,5668.43,91.83,61.3,10.6,2.47,0.6,166.8,74.97,13.67,3.07
Wagga,-35.16,147.46,MIROC5,rcp45,2030,3758.81,74.67,33.73,5.1,0.77,0.13,114.4,39.73,6,0.9
Wagga,-35.16,147.46,MIROC5,rcp45,2050,3770.98,74.47,33.87,5.17,0.73,0.13,114.37,39.9,6.03,0.86
Wagga,-35.16,147.46,MIROC5,rcp45,2070,3762.73,73.27,34.4,5.23,0.73,0.13,113.76,40.49,6.09,0.86
Wagga,-35.16,147.46,MIROC5,rcp45,2090,4012.16,76.03,38.43,5.87,0.83,0.17,121.33,45.3,6.87,1
Wagga,-35.16,147.46,MIROC5,rcp85,2030,3770.44,73.73,34.03,5.07,0.8,0.13,113.76,40.03,6,0.93
Wagga,-35.16,147.46,MIROC5,rcp85,2050,3814.2,72.93,34.9,5.27,0.87,0.13,114.1,41.17,6.27,1
Wagga,-35.16,147.46,MIROC5,rcp85,2070,3896.49,74,36.5,5.6,0.87,0.13,117.1,43.1,6.6,1
Wagga,-35.16,147.46,MIROC5,rcp85,2090,3828.9,71.67,35.97,5.5,0.93,0.13,114.2,42.53,6.56,1.06
Wagga,-35.16,147.46,OBS,historical,1995,3599.67,72.23,31,4.3,0.57,0.13,108.23,36,5,0.7
Williamtown,-32.79,151.84,CESM1-CAM5,rcp45,2030,2071.01,32.27,9.53,1.3,0.17,0.03,43.3,11.03,1.5,0.2
Williamtown,-32.79,151.84,CESM1-CAM5,rcp45,2050,2161.7,34.27,10.4,1.43,0.37,0.03,46.5,12.23,1.83,0.4
Williamtown,-32.79,151.84,CESM1-CAM5,rcp45,2070,2222.12,35.03,10.83,1.6,0.4,0.03,47.89,12.86,2.03,0.43
Williamtown,-32.79,151.84,CESM1-CAM5,rcp45,2090,2344.67,38.1,11.2,1.87,0.5,0.03,51.7,13.6,2.4,0.53
Williamtown,-32.79,151.84,CESM1-CAM5,rcp85,2030,2238.81,36,10.83,1.57,0.43,0.03,48.86,12.86,2.03,0.46
Williamtown,-32.79,151.84,CESM1-CAM5,rcp85,2050,2318.65,37.7,11.3,1.93,0.47,0.03,51.43,13.73,2.43,0.5
Williamtown,-32.79,151.84,CESM1-CAM5,rcp85,2070,2536.28,42.67,13.4,2.4,0.5,0.2,59.17,16.5,3.1,0.7
Williamtown,-32.79,151.84,CESM1-CAM5,rcp85,2090,2918.47,51.73,16.7,3.07,0.67,0.33,72.5,20.77,4.07,1
Williamtown,-32.79,151.84,GFDL-ESM2M,rcp45,2030,2269.98,36.73,10.7,1.5,0.3,0.03,49.26,12.53,1.83,0.33
Williamtown,-32.79,151.84,GFDL-ESM2M,rcp45,2050,2258.24,36.1,10.97,1.67,0.33,0.03,49.1,13,2.03,0.36
Williamtown,-32.79,151.84,GFDL-ESM2M,rcp45,2070,2539.25,43.57,12.4,2.07,0.43,0.07,58.54,14.97,2.57,0.5
Williamtown,-32.79,151.84,GFDL-ESM2M,rcp45,2090,2500.68,41.2,12.47,2.03,0.4,0.1,56.2,15,2.53,0.5
Williamtown,-32.79,151.84,GFDL-ESM2M,rcp85,2030,2413.16,39.7,12.2,1.87,0.43,0.03,54.23,14.53,2.33,0.46
Williamtown,-32.79,151.84,GFDL-ESM2M,rcp85,2050,2656.75,45.6,14.03,2.5,0.53,0.13,62.79,17.19,3.16,0.66
Williamtown,-32.79,151.84,GFDL-ESM2M,rcp85,2070,2692.61,45.57,14.33,2.67,0.43,0.17,63.17,17.6,3.27,0.6
Williamtown,-32.79,151.84,GFDL-ESM2M,rcp85,2090,3168.59,55.97,17.83,3.7,0.97,0.27,78.74,22.77,4.94,1.24
Williamtown,-32.79,151.84,MIROC5,rcp45,2030,2075.39,32.13,9.87,1.37,0.23,0.03,43.63,11.5,1.63,0.26
Williamtown,-32.79,151.84,MIROC5,rcp45,2050,2183.44,34.63,10.47,1.63,0.3,0.03,47.06,12.43,1.96,0.33
Williamtown,-32.79,151.84,MIROC5,rcp45,2070,2060.46,32.13,9.87,1.4,0.27,0.03,43.7,11.57,1.7,0.3
Williamtown,-32.79,151.84,MIROC5,rcp45,2090,2155.3,33.67,10.63,1.47,0.3,0.03,46.1,12.43,1.8,0.33
Williamtown,-32.79,151.84,MIROC5,rcp85,2030,2208.97,35.5,10.63,1.67,0.37,0.03,48.2,12.7,2.07,0.4
Williamtown,-32.79,151.84,MIROC5,rcp85,2050,2211.75,34.97,10.9,1.57,0.37,0.03,47.84,12.87,1.97,0.4
Williamtown,-32.79,151.84,MIROC5,rcp85,2070,2130.66,33.5,10.27,1.37,0.3,0.03,45.47,11.97,1.7,0.33
Williamtown,-32.79,151.84,MIROC5,rcp85,2090,2202.86,34.27,11,1.63,0.5,0.03,47.43,13.16,2.16,0.53
Williamtown,-32.79,151.84,OBS,historical,1995,2065.86,31.37,9.17,1.3,0.17,0,42.01,10.64,1.47,0.17
Woomera,-31.16,136.81,CESM1-CAM5,rcp45,2030,8046.38,122.77,100.2,18.93,4.1,1.53,247.53,124.76,24.56,5.63
Woomera,-31.16,136.81,CESM1-CAM5,rcp45,2050,8675.52,120.07,108.93,23.23,5.27,1.9,259.4,139.33,30.4,7.17
Woomera,-31.16,136.81,CESM1-CAM5,rcp45,2070,8855.13,118.73,111.67,24.47,5.63,2.07,262.57,143.84,32.17,7.7
Woomera,-31.16,136.81,CESM1-CAM5,rcp45,2090,8967.23,118.33,113.67,25.17,5.8,2.1,265.07,146.74,33.07,7.9
Woomera,-31.16,136.81,CESM1-CAM5,rcp85,2030,8223.53,120.6,104.07,19.8,4.43,1.7,250.6,130,25.93,6.13
Woomera,-31.16,136.81,CESM1-CAM5,rcp85,2050,9255.11,118.97,118.77,26.23,6.2,2.2,272.37,153.4,34.63,8.4
Woomera,-31.16,136.81,CESM1-CAM5,rcp85,2070,9205.22,114.53,114.53,27.37,6.43,2.73,265.59,151.06,36.53,9.16
Woomera,-31.16,136.81,CESM1-CAM5,rcp85,2090,9698.2,116.2,121.2,29.63,7.6,3.27,277.9,161.7,40.5,10.87
Woomera,-31.16,136.81,GFDL-ESM2M,rcp45,2030,10191.89,115.73,134.13,31.3,7.43,3.17,291.76,176.03,41.9,10.6
Woomera,-31.16,136.81,GFDL-ESM2M,rcp45,2050,9038.96,125.4,115.93,23.27,5.73,2.27,272.6,147.2,31.27,8
Woomera,-31.16,136.81,GFDL-ESM2M,rcp45,2070,10062.82,116.9,129.17,31.07,7.8,3.17,288.11,171.21,42.04,10.97
Woomera,-31.16,136.81,GFDL-ESM2M,rcp45,2090,9090.28,124.3,118.13,23.63,5.67,2.43,274.16,149.86,31.73,8.1
Woomera,-31.16,136.81,GFDL-ESM2M,rcp85,2030,9153.74,123.87,116.8,25.2,5.73,2.33,273.93,150.06,33.26,8.06
Woomera,-31.16,136.81,GFDL-ESM2M,rcp85,2050,10005.93,116.13,127.97,30.83,7.73,3.27,285.93,169.8,41.83,11
Woomera,-31.16,136.81,GFDL-ESM2M,rcp85,2070,9927.29,119.57,126.77,29.9,7.57,3.43,287.24,167.67,40.9,11
Woomera,-31.16,136.81,GFDL-ESM2M,rcp85,2090,11094.21,113.53,142.2,37.87,9.33,4.7,307.63,194.1,51.9,14.03
Woomera,-31.16,136.81,MIROC5,rcp45,2030,8101.92,117.67,102.07,19.3,4.53,1.47,245.04,127.37,25.3,6
Woomera,-31.16,136.81,MIROC5,rcp45,2050,8072.38,117.17,101.13,19.67,4.43,1.5,243.9,126.73,25.6,5.93
Woomera,-31.16,136.81,MIROC5,rcp45,2070,7978.47,118.93,99.33,18.57,4.3,1.57,242.7,123.77,24.44,5.87
Woomera,-31.16,136.81,MIROC5,rcp45,2090,8259.21,114.8,104,21,4.83,1.73,246.36,131.56,27.56,6.56
Woomera,-31.16,136.81,MIROC5,rcp85,2030,8064.75,118.63,101.1,19.07,4.53,1.53,244.86,126.23,25.13,6.06
Woomera,-31.16,136.81,MIROC5,rcp85,2050,8306.23,116.53,104.13,20.83,5.07,1.7,248.26,131.73,27.6,6.77
Woomera,-31.16,136.81,MIROC5,rcp85,2070,8341.16,114.73,105.83,21.5,4.97,1.6,248.63,133.9,28.07,6.57
Woomera,-31.16,136.81,MIROC5,rcp85,2090,8193.81,115.6,101.23,21.13,5.1,1.63,244.69,129.09,27.86,6.73
Woomera,-31.16,136.81,OBS,historical,1995,7932.1,120.3,98.5,17.7,3.77,1.2,241.47,121.17,22.67,4.97