Product code,Bureau of Meteorology station number,Year,Month,Mean_Max_Temp,Mean_Min_Temp,Quality
IDCJAC0002,087031,1944,01,26.1,12.2,Y
IDCJAC0002,087031,1944,02,24.5,12.0,Y
IDCJAC0002,087031,1944,03,24.4,12.1,Y
IDCJAC0002,087031,1944,04,18.0,7.0,Y
IDCJAC0002,087031,1944,05,15.4,8.0,Y
IDCJAC0002,087031,1944,06,13.2,5.2,Y
IDCJAC0002,087031,1944,07,12.8,3.0,Y
IDCJAC0002,087031,1944,08,13.7,2.5,Y
IDCJAC0002,087031,1944,09,18.2,6.5,Y
IDCJAC0002,087031,1944,10,20.1,7.9,Y
IDCJAC0002,087031,1944,11,21.5,10.0,Y
IDCJAC0002,087031,1944,12,24.3,11.7,Y
IDCJAC0002,087031,1945,01,24.2,12.7,Y
IDCJAC0002,087031,1945,02,22.6,12.8,Y
IDCJAC0002,087031,1945,03,20.9,10.8,Y
IDCJAC0002,087031,1945,04,18.5,9.2,Y
IDCJAC0002,087031,1945,05,16.2,7.3,Y
IDCJAC0002,087031,1945,06,14.7,5.6,Y
IDCJAC0002,087031,1945,07,12.3,4.5,Y
IDCJAC0002,087031,1945,08,14.9,6.9,Y
IDCJAC0002,087031,1945,09,16.3,5.6,Y
IDCJAC0002,087031,1945,10,18.8,8.4,Y
IDCJAC0002,087031,1945,11,23.2,10.7,Y
IDCJAC0002,087031,1945,12,24.3,12.4,Y
IDCJAC0002,087031,1946,01,25.7,13.4,Y
IDCJAC0002,087031,1946,02,23.6,13.1,Y
IDCJAC0002,087031,1946,03,21.2,11.8,Y
IDCJAC0002,087031,1946,04,17.5,9.1,Y
IDCJAC0002,087031,1946,05,16.4,6.8,Y
IDCJAC0002,087031,1946,06,12.5,5.2,Y
IDCJAC0002,087031,1946,07,14.0,6.2,Y
IDCJAC0002,087031,1946,08,14.3,5.5,Y
IDCJAC0002,087031,1946,09,15.0,6.4,Y
IDCJAC0002,087031,1946,10,16.6,6.6,Y
IDCJAC0002,087031,1946,11,21.1,9.6,Y
IDCJAC0002,087031,1946,12,23.7,11.4,Y
IDCJAC0002,087031,1947,01,26.1,12.4,Y
IDCJAC0002,087031,1947,02,27.4,15.8,Y
IDCJAC0002,087031,1947,03,23.9,12.9,Y
IDCJAC0002,087031,1947,04,19.9,10.5,Y
IDCJAC0002,087031,1947,05,19.4,7.7,Y
IDCJAC0002,087031,1947,06,14.7,5.6,Y
IDCJAC0002,087031,1947,07,13.3,5.9,Y
IDCJAC0002,087031,1947,08,13.7,4.7,Y
IDCJAC0002,087031,1947,09,17.0,6.0,Y
IDCJAC0002,087031,1947,10,18.5,8.1,Y
IDCJAC0002,087031,1947,11,19.3,9.2,Y
IDCJAC0002,087031,1947,12,23.3,12.2,Y
IDCJAC0002,087031,1948,01,23.7,12.9,Y
IDCJAC0002,087031,1948,02,26.1,14.3,Y
IDCJAC0002,087031,1948,03,20.9,9.8,Y
IDCJAC0002,087031,1948,04,18.6,9.8,Y
IDCJAC0002,087031,1948,05,15.2,7.4,Y
IDCJAC0002,087031,1948,06,13.4,3.4,Y
IDCJAC0002,087031,1948,07,12.6,3.6,Y
IDCJAC0002,087031,1948,08,16.0,5.0,Y
IDCJAC0002,087031,1948,09,18.1,6.2,Y
IDCJAC0002,087031,1948,10,17.8,6.9,Y
IDCJAC0002,087031,1948,11,20.6,8.3,Y
IDCJAC0002,087031,1948,12,24.4,11.1,Y
IDCJAC0002,087031,1949,01,24.0,13.4,Y
IDCJAC0002,087031,1949,02,22.1,12.1,Y
IDCJAC0002,087031,1949,03,21.0,12.7,Y
IDCJAC0002,087031,1949,04,17.6,8.4,Y
IDCJAC0002,087031,1949,05,14.9,6.8,Y
IDCJAC0002,087031,1949,06,11.9,4.3,Y
IDCJAC0002,087031,1949,07,13.4,5.0,Y
IDCJAC0002,087031,1949,08,15.1,4.4,Y
IDCJAC0002,087031,1949,09,16.4,4.8,Y
IDCJAC0002,087031,1949,10,18.5,8.0,Y
IDCJAC0002,087031,1949,11,19.6,10.3,Y
IDCJAC0002,087031,1949,12,21.2,9.9,Y
IDCJAC0002,087031,1950,01,23.7,11.0,Y
IDCJAC0002,087031,1950,02,23.0,14.2,Y
IDCJAC0002,087031,1950,03,21.9,12.3,Y
IDCJAC0002,087031,1950,04,19.3,9.6,Y
IDCJAC0002,087031,1950,05,15.8,6.9,Y
IDCJAC0002,087031,1950,06,12.2,4.2,Y
IDCJAC0002,087031,1950,07,13.9,4.3,Y
IDCJAC0002,087031,1950,08,15.0,4.6,Y
IDCJAC0002,087031,1950,09,18.1,6.4,Y
IDCJAC0002,087031,1950,10,18.9,8.7,Y
IDCJAC0002,087031,1950,11,21.6,9.8,Y
IDCJAC0002,087031,1950,12,25.7,12.8,Y
IDCJAC0002,087031,1951,01,27.3,14.5,Y
IDCJAC0002,087031,1951,02,25.4,14.9,Y
IDCJAC0002,087031,1951,03,25.0,13.3,Y
IDCJAC0002,087031,1951,04,17.9,8.7,Y
IDCJAC0002,087031,1951,05,17.7,7.7,Y
IDCJAC0002,087031,1951,06,13.9,6.6,Y
IDCJAC0002,087031,1951,07,13.5,5.4,Y
IDCJAC0002,087031,1951,08,12.7,4.6,Y
IDCJAC0002,087031,1951,09,16.7,7.2,Y
IDCJAC0002,087031,1951,10,18.7,7.6,Y
IDCJAC0002,087031,1951,11,21.1,8.6,Y
IDCJAC0002,087031,1951,12,23.1,11.1,Y
IDCJAC0002,087031,1952,01,24.8,12.3,Y
IDCJAC0002,087031,1952,02,22.8,12.7,Y
IDCJAC0002,087031,1952,03,23.6,13.2,Y
IDCJAC0002,087031,1952,04,18.3,10.8,Y
IDCJAC0002,087031,1952,05,15.3,7.4,Y
IDCJAC0002,087031,1952,06,13.4,7.6,Y
IDCJAC0002,087031,1952,07,12.2,4.5,Y
IDCJAC0002,087031,1952,08,13.7,5.8,Y
IDCJAC0002,087031,1952,09,16.8,7.5,Y
IDCJAC0002,087031,1952,10,18.5,9.0,Y
IDCJAC0002,087031,1952,11,19.7,9.8,Y
IDCJAC0002,087031,1952,12,22.2,11.9,Y
IDCJAC0002,087031,1953,01,23.9,13.5,Y
IDCJAC0002,087031,1953,02,24.4,13.9,Y
IDCJAC0002,087031,1953,03,24.6,12.3,Y
IDCJAC0002,087031,1953,04,20.7,11.0,Y
IDCJAC0002,087031,1953,05,17.0,9.0,Y
IDCJAC0002,087031,1953,06,13.3,6.5,Y
IDCJAC0002,087031,1953,07,13.6,5.1,Y
IDCJAC0002,087031,1953,08,14.1,6.0,Y
IDCJAC0002,087031,1953,09,16.3,6.1,Y
IDCJAC0002,087031,1953,10,18.6,7.7,Y
IDCJAC0002,087031,1953,11,20.2,9.2,Y
IDCJAC0002,087031,1953,12,23.8,10.9,Y
IDCJAC0002,087031,1954,01,26.5,15.3,Y
IDCJAC0002,087031,1954,02,21.9,13.6,Y
IDCJAC0002,087031,1954,03,23.2,10.6,Y
IDCJAC0002,087031,1954,04,20.3,10.4,Y
IDCJAC0002,087031,1954,05,16.3,7.4,Y
IDCJAC0002,087031,1954,06,13.9,6.7,Y
IDCJAC0002,087031,1954,07,12.7,4.6,Y
IDCJAC0002,087031,1954,08,14.9,5.5,Y
IDCJAC0002,087031,1954,09,16.4,6.0,Y
IDCJAC0002,087031,1954,10,18.7,8.2,Y
IDCJAC0002,087031,1954,11,19.9,9.7,Y
IDCJAC0002,087031,1954,12,24.0,12.4,Y
IDCJAC0002,087031,1955,01,26.1,14.1,Y
IDCJAC0002,087031,1955,02,24.6,15.6,Y
IDCJAC0002,087031,1955,03,22.3,12.5,Y
IDCJAC0002,087031,1955,04,20.0,9.2,Y
IDCJAC0002,087031,1955,05,15.1,6.7,Y
IDCJAC0002,087031,1955,06,13.3,5.4,Y
IDCJAC0002,087031,1955,07,13.1,5.4,Y
IDCJAC0002,087031,1955,08,15.2,6.5,Y
IDCJAC0002,087031,1955,09,17.0,6.6,Y
IDCJAC0002,087031,1955,10,19.0,8.2,Y
IDCJAC0002,087031,1955,11,20.0,7.8,Y
IDCJAC0002,087031,1955,12,22.6,11.4,Y
IDCJAC0002,087031,1956,01,24.0,13.0,Y
IDCJAC0002,087031,1956,02,27.3,16.0,Y
IDCJAC0002,087031,1956,03,24.1,15.1,Y
IDCJAC0002,087031,1956,04,20.1,10.5,Y
IDCJAC0002,087031,1956,05,15.9,8.0,Y
IDCJAC0002,087031,1956,06,13.3,5.3,Y
IDCJAC0002,087031,1956,07,13.6,5.3,Y
IDCJAC0002,087031,1956,08,14.0,3.9,Y
IDCJAC0002,087031,1956,09,16.6,6.1,Y
IDCJAC0002,087031,1956,10,16.9,7.4,Y
IDCJAC0002,087031,1956,11,18.9,7.9,Y
IDCJAC0002,087031,1956,12,22.7,9.3,Y
IDCJAC0002,087031,1957,01,25.6,9.7,Y
IDCJAC0002,087031,1957,02,24.6,12.8,Y
IDCJAC0002,087031,1957,03,22.9,10.7,Y
IDCJAC0002,087031,1957,04,20.6,8.8,Y
IDCJAC0002,087031,1957,05,17.1,7.1,Y
IDCJAC0002,087031,1957,06,17.8,8.5,Y
IDCJAC0002,087031,1957,07,13.1,4.2,Y
IDCJAC0002,087031,1957,08,15.0,4.5,Y
IDCJAC0002,087031,1957,09,16.9,5.6,Y
IDCJAC0002,087031,1957,10,18.0,7.9,Y
IDCJAC0002,087031,1957,11,22.1,8.4,Y
IDCJAC0002,087031,1957,12,23.1,11.3,Y
IDCJAC0002,087031,1958,01,22.7,12.0,Y
IDCJAC0002,087031,1958,02,24.7,13.2,Y
IDCJAC0002,087031,1958,03,23.5,12.2,Y
IDCJAC0002,087031,1958,04,20.8,8.6,Y
IDCJAC0002,087031,1958,05,17.6,9.4,Y
IDCJAC0002,087031,1958,06,13.9,4.9,Y
IDCJAC0002,087031,1958,07,13.1,4.9,Y
IDCJAC0002,087031,1958,08,14.0,6.1,Y
IDCJAC0002,087031,1958,09,15.8,5.6,Y
IDCJAC0002,087031,1958,10,17.9,7.8,Y
IDCJAC0002,087031,1958,11,21.8,10.8,Y
IDCJAC0002,087031,1958,12,21.1,11.1,Y
IDCJAC0002,087031,1959,01,28.9,14.9,Y
IDCJAC0002,087031,1959,02,25.2,14.8,Y
IDCJAC0002,087031,1959,03,22.7,13.2,Y
IDCJAC0002,087031,1959,04,21.6,9.5,Y
IDCJAC0002,087031,1959,05,16.6,5.7,Y
IDCJAC0002,087031,1959,06,14.7,5.5,Y
IDCJAC0002,087031,1959,07,13.4,5.0,Y
IDCJAC0002,087031,1959,08,15.2,5.7,Y
IDCJAC0002,087031,1959,09,15.7,6.1,Y
IDCJAC0002,087031,1959,10,18.2,8.3,Y
IDCJAC0002,087031,1959,11,23.7,11.7,Y
IDCJAC0002,087031,1959,12,23.4,11.2,Y
IDCJAC0002,087031,1960,01,28.0,14.9,Y
IDCJAC0002,087031,1960,02,24.1,12.7,Y
IDCJAC0002,087031,1960,03,24.6,12.8,Y
IDCJAC0002,087031,1960,04,19.3,10.6,Y
IDCJAC0002,087031,1960,05,14.3,7.1,Y
IDCJAC0002,087031,1960,06,13.5,5.4,Y
IDCJAC0002,087031,1960,07,12.7,5.0,Y
IDCJAC0002,087031,1960,08,13.1,4.3,Y
IDCJAC0002,087031,1960,09,15.9,7.5,Y
IDCJAC0002,087031,1960,10,19.5,8.4,Y
IDCJAC0002,087031,1960,11,19.3,7.9,Y
IDCJAC0002,087031,1960,12,26.0,13.0,Y
IDCJAC0002,087031,1961,01,29.0,15.3,Y
IDCJAC0002,087031,1961,02,26.4,14.7,Y
IDCJAC0002,087031,1961,03,23.9,12.1,Y
IDCJAC0002,087031,1961,04,21.5,10.5,Y
IDCJAC0002,087031,1961,05,17.3,6.6,Y
IDCJAC0002,087031,1961,06,14.9,6.7,Y
IDCJAC0002,087031,1961,07,13.7,5.3,Y
IDCJAC0002,087031,1961,08,15.2,5.7,Y
IDCJAC0002,087031,1961,09,18.4,5.9,Y
IDCJAC0002,087031,1961,10,21.8,8.8,Y
IDCJAC0002,087031,1961,11,23.1,10.6,Y
IDCJAC0002,087031,1961,12,25.4,12.8,Y
IDCJAC0002,087031,1962,01,26.0,14.4,Y
IDCJAC0002,087031,1962,02,25.0,12.8,Y
IDCJAC0002,087031,1962,03,25.4,13.1,Y
IDCJAC0002,087031,1962,04,21.6,10.1,Y
IDCJAC0002,087031,1962,05,15.9,7.1,Y
IDCJAC0002,087031,1962,06,16.0,7.1,Y
IDCJAC0002,087031,1962,07,14.6,4.8,Y
IDCJAC0002,087031,1962,08,14.5,4.8,Y
IDCJAC0002,087031,1962,09,17.1,6.4,Y
IDCJAC0002,087031,1962,10,17.4,6.7,Y
IDCJAC0002,087031,1962,11,21.9,8.8,Y
IDCJAC0002,087031,1962,12,23.9,12.8,Y
IDCJAC0002,087031,1963,01,26.0,14.3,Y
IDCJAC0002,087031,1963,02,23.7,13.1,Y
IDCJAC0002,087031,1963,03,23.2,12.2,Y
IDCJAC0002,087031,1963,04,19.9,7.8,Y
IDCJAC0002,087031,1963,05,15.6,9.2,Y
IDCJAC0002,087031,1963,06,14.3,5.9,Y
IDCJAC0002,087031,1963,07,12.7,4.6,Y
IDCJAC0002,087031,1963,08,15.1,5.5,Y
IDCJAC0002,087031,1963,09,17.1,7.4,Y
IDCJAC0002,087031,1963,10,20.6,11.0,Y
IDCJAC0002,087031,1963,11,21.5,9.5,Y
IDCJAC0002,087031,1963,12,24.5,12.8,Y
IDCJAC0002,087031,1964,01,25.8,12.0,Y
IDCJAC0002,087031,1964,02,23.7,13.1,Y
IDCJAC0002,087031,1964,03,23.6,10.8,Y
IDCJAC0002,087031,1964,04,19.4,11.1,Y
IDCJAC0002,087031,1964,05,17.1,7.2,Y
IDCJAC0002,087031,1964,06,14.5,6.9,Y
IDCJAC0002,087031,1964,07,13.5,5.8,Y
IDCJAC0002,087031,1964,08,14.9,6.2,Y
IDCJAC0002,087031,1964,09,16.8,6.6,Y
IDCJAC0002,087031,1964,10,17.8,7.7,Y
IDCJAC0002,087031,1964,11,21.3,9.9,Y
IDCJAC0002,087031,1964,12,20.9,10.3,Y
IDCJAC0002,087031,1965,01,23.7,11.3,Y
IDCJAC0002,087031,1965,02,26.3,13.5,Y
IDCJAC0002,087031,1965,03,24.4,10.9,Y
IDCJAC0002,087031,1965,04,18.2,8.6,Y
IDCJAC0002,087031,1965,05,17.2,7.7,Y
IDCJAC0002,087031,1965,06,14.9,4.7,Y
IDCJAC0002,087031,1965,07,13.1,3.6,Y
IDCJAC0002,087031,1965,08,15.4,5.8,Y
IDCJAC0002,087031,1965,09,18.2,7.0,Y
IDCJAC0002,087031,1965,10,21.0,8.6,Y
IDCJAC0002,087031,1965,11,21.0,9.0,Y
IDCJAC0002,087031,1965,12,25.2,14.1,Y
IDCJAC0002,087031,1966,01,26.1,13.8,Y
IDCJAC0002,087031,1966,02,23.6,13.7,Y
IDCJAC0002,087031,1966,03,24.3,12.6,Y
IDCJAC0002,087031,1966,04,20.1,8.4,Y
IDCJAC0002,087031,1966,05,16.8,7.7,Y
IDCJAC0002,087031,1966,06,13.7,3.8,Y
IDCJAC0002,087031,1966,07,13.2,4.0,Y
IDCJAC0002,087031,1966,08,14.4,4.3,Y
IDCJAC0002,087031,1966,09,16.8,6.7,Y
IDCJAC0002,087031,1966,10,18.4,7.9,Y
IDCJAC0002,087031,1966,11,22.0,9.8,Y
IDCJAC0002,087031,1966,12,22.8,11.5,Y
IDCJAC0002,087031,1967,01,23.8,12.3,Y
IDCJAC0002,087031,1967,02,27.3,14.8,Y
IDCJAC0002,087031,1967,03,23.8,11.1,Y
IDCJAC0002,087031,1967,04,21.7,9.3,Y
IDCJAC0002,087031,1967,05,18.0,7.1,Y
IDCJAC0002,087031,1967,06,14.4,5.1,Y
IDCJAC0002,087031,1967,07,14.0,4.2,Y
IDCJAC0002,087031,1967,08,14.4,4.6,Y
IDCJAC0002,087031,1967,09,16.7,5.7,Y
IDCJAC0002,087031,1967,10,20.8,7.6,Y
IDCJAC0002,087031,1967,11,22.7,9.5,Y
IDCJAC0002,087031,1967,12,22.4,10.9,Y
IDCJAC0002,087031,1968,01,27.7,13.6,Y
IDCJAC0002,087031,1968,02,28.4,15.4,Y
IDCJAC0002,087031,1968,03,25.4,14.1,Y
IDCJAC0002,087031,1968,04,22.8,12.3,Y
IDCJAC0002,087031,1968,05,15.3,8.3,Y
IDCJAC0002,087031,1968,06,13.2,5.7,Y
IDCJAC0002,087031,1968,07,12.9,4.6,Y
IDCJAC0002,087031,1968,08,14.6,4.7,Y
IDCJAC0002,087031,1968,09,16.7,5.1,Y
IDCJAC0002,087031,1968,10,19.7,7.8,Y
IDCJAC0002,087031,1968,11,21.8,8.8,Y
IDCJAC0002,087031,1968,12,22.9,12.1,Y
IDCJAC0002,087031,1969,01,28.1,13.8,Y
IDCJAC0002,087031,1969,02,25.9,16.3,Y
IDCJAC0002,087031,1969,03,23.1,13.2,Y
IDCJAC0002,087031,1969,04,21.3,10.0,Y
IDCJAC0002,087031,1969,05,15.9,6.7,Y
IDCJAC0002,087031,1969,06,13.6,3.9,Y
IDCJAC0002,087031,1969,07,15.2,5.0,Y
IDCJAC0002,087031,1969,08,15.4,6.1,Y
IDCJAC0002,087031,1969,09,14.4,5.8,Y
IDCJAC0002,087031,1969,10,18.8,8.8,Y
IDCJAC0002,087031,1969,11,21.1,10.3,Y
IDCJAC0002,087031,1969,12,22.9,10.6,Y
IDCJAC0002,087031,1970,01,24.2,13.2,Y
IDCJAC0002,087031,1970,02,25.3,13.5,Y
IDCJAC0002,087031,1970,03,22.8,12.6,Y
IDCJAC0002,087031,1970,04,21.1,10.9,Y
IDCJAC0002,087031,1970,05,15.4,7.3,Y
IDCJAC0002,087031,1970,06,14.1,5.9,Y
IDCJAC0002,087031,1970,07,14.0,5.0,Y
IDCJAC0002,087031,1970,08,14.3,5.0,Y
IDCJAC0002,087031,1970,09,15.3,5.0,Y
IDCJAC0002,087031,1970,10,19.1,7.0,Y
IDCJAC0002,087031,1970,11,21.4,10.1,Y
IDCJAC0002,087031,1970,12,24.2,11.9,Y
IDCJAC0002,087031,1971,01,25.7,14.6,Y
IDCJAC0002,087031,1971,02,27.3,15.5,Y
IDCJAC0002,087031,1971,03,25.8,14.1,Y
IDCJAC0002,087031,1971,04,22.1,10.9,Y
IDCJAC0002,087031,1971,05,16.5,6.5,Y
IDCJAC0002,087031,1971,06,14.2,5.7,Y
IDCJAC0002,087031,1971,07,13.9,3.7,Y
IDCJAC0002,087031,1971,08,14.8,4.3,Y
IDCJAC0002,087031,1971,09,16.7,5.6,Y
IDCJAC0002,087031,1971,10,18.7,7.3,Y
IDCJAC0002,087031,1971,11,20.1,9.4,Y
IDCJAC0002,087031,1971,12,24.5,12.0,Y
IDCJAC0002,087031,1972,01,24.8,14.7,Y
IDCJAC0002,087031,1972,02,27.3,15.2,Y
IDCJAC0002,087031,1972,03,23.4,11.5,Y
IDCJAC0002,087031,1972,04,20.6,9.4,Y
IDCJAC0002,087031,1972,05,17.7,6.3,Y
IDCJAC0002,087031,1972,06,14.2,3.0,Y
IDCJAC0002,087031,1972,07,14.2,4.7,Y
IDCJAC0002,087031,1972,08,15.7,6.0,Y
IDCJAC0002,087031,1972,09,19.9,7.4,Y
IDCJAC0002,087031,1972,10,20.2,8.6,Y
IDCJAC0002,087031,1972,11,21.1,10.2,Y
IDCJAC0002,087031,1972,12,26.4,12.9,Y
IDCJAC0002,087031,1973,01,27.7,15.4,Y
IDCJAC0002,087031,1973,02,25.6,15.1,Y
IDCJAC0002,087031,1973,03,21.9,11.3,Y
IDCJAC0002,087031,1973,04,21.3,10.7,Y
IDCJAC0002,087031,1973,05,17.1,7.8,Y
IDCJAC0002,087031,1973,06,13.6,4.6,Y
IDCJAC0002,087031,1973,07,13.4,3.7,Y
IDCJAC0002,087031,1973,08,14.4,5.3,Y
IDCJAC0002,087031,1973,09,18.1,7.1,Y
IDCJAC0002,087031,1973,10,20.4,9.1,Y
IDCJAC0002,087031,1973,11,20.4,10.9,Y
IDCJAC0002,087031,1973,12,25.6,13.3,Y
IDCJAC0002,087031,1974,01,28.3,16.1,Y
IDCJAC0002,087031,1974,02,25.7,15.1,Y
IDCJAC0002,087031,1974,03,26.2,15.3,Y
IDCJAC0002,087031,1974,04,19.3,11.9,Y
IDCJAC0002,087031,1974,05,17.4,9.5,Y
IDCJAC0002,087031,1974,06,14.5,6.2,Y
IDCJAC0002,087031,1974,07,14.0,6.3,Y
IDCJAC0002,087031,1974,08,14.4,5.7,Y
IDCJAC0002,087031,1974,09,15.8,7.0,Y
IDCJAC0002,087031,1974,10,18.1,8.6,Y
IDCJAC0002,087031,1974,11,20.1,8.9,Y
IDCJAC0002,087031,1974,12,23.4,10.1,Y
IDCJAC0002,087031,1975,01,23.8,11.7,Y
IDCJAC0002,087031,1975,02,26.8,14.4,Y
IDCJAC0002,087031,1975,03,23.3,11.6,Y
IDCJAC0002,087031,1975,04,19.2,9.8,Y
IDCJAC0002,087031,1975,05,18.6,9.4,Y
IDCJAC0002,087031,1975,06,13.7,5.5,Y
IDCJAC0002,087031,1975,07,15.7,6.9,Y
IDCJAC0002,087031,1975,08,14.4,6.4,Y
IDCJAC0002,087031,1975,09,17.8,8.0,Y
IDCJAC0002,087031,1975,10,18.6,10.2,Y
IDCJAC0002,087031,1975,11,22.0,12.3,Y
IDCJAC0002,087031,1975,12,24.1,14.0,Y
IDCJAC0002,087031,1976,01,25.5,14.3,Y
IDCJAC0002,087031,1976,02,26.8,15.7,Y
IDCJAC0002,087031,1976,03,24.0,13.5,Y
IDCJAC0002,087031,1976,04,20.7,10.5,Y
IDCJAC0002,087031,1976,05,17.2,7.3,Y
IDCJAC0002,087031,1976,06,14.5,5.8,Y
IDCJAC0002,087031,1976,07,14.7,4.7,Y
IDCJAC0002,087031,1976,08,15.0,5.2,Y
IDCJAC0002,087031,1976,09,16.3,7.2,Y
IDCJAC0002,087031,1976,10,17.0,8.3,Y
IDCJAC0002,087031,1976,11,21.1,10.3,Y
IDCJAC0002,087031,1976,12,25.1,11.6,Y
IDCJAC0002,087031,1977,01,25.6,13.4,Y
IDCJAC0002,087031,1977,02,26.1,14.5,Y
IDCJAC0002,087031,1977,03,23.8,12.6,Y
IDCJAC0002,087031,1977,04,18.7,9.8,Y
IDCJAC0002,087031,1977,05,16.4,8.0,Y
IDCJAC0002,087031,1977,06,13.5,6.7,Y
IDCJAC0002,087031,1977,07,13.3,3.9,Y
IDCJAC0002,087031,1977,08,16.8,6.8,Y
IDCJAC0002,087031,1977,09,15.7,6.0,Y
IDCJAC0002,087031,1977,10,21.2,9.4,Y
IDCJAC0002,087031,1977,11,21.8,9.5,Y
IDCJAC0002,087031,1977,12,24.0,11.6,Y
IDCJAC0002,087031,1978,01,24.4,13.7,Y
IDCJAC0002,087031,1978,02,24.6,13.0,Y
IDCJAC0002,087031,1978,03,22.8,14.2,Y
IDCJAC0002,087031,1978,04,19.4,10.1,Y
IDCJAC0002,087031,1978,05,18.3,9.5,Y
IDCJAC0002,087031,1978,06,13.7,6.5,Y
IDCJAC0002,087031,1978,07,13.3,5.2,Y
IDCJAC0002,087031,1978,08,13.8,5.4,Y
IDCJAC0002,087031,1978,09,16.9,7.5,Y
IDCJAC0002,087031,1978,10,20.2,8.2,Y
IDCJAC0002,087031,1978,11,21.4,11.5,Y
IDCJAC0002,087031,1978,12,21.5,12.2,Y
IDCJAC0002,087031,1979,01,27.4,15.7,Y
IDCJAC0002,087031,1979,02,26.1,15.4,Y
IDCJAC0002,087031,1979,03,24.8,13.3,Y
IDCJAC0002,087031,1979,04,19.3,9.5,Y
IDCJAC0002,087031,1979,05,16.4,7.5,Y
IDCJAC0002,087031,1979,06,15.6,7.1,Y
IDCJAC0002,087031,1979,07,14.3,4.5,Y
IDCJAC0002,087031,1979,08,14.7,5.7,Y
IDCJAC0002,087031,1979,09,16.9,7.4,Y
IDCJAC0002,087031,1979,10,19.5,9.0,Y
IDCJAC0002,087031,1979,11,21.7,11.4,Y
IDCJAC0002,087031,1979,12,26.4,11.6,Y
IDCJAC0002,087031,1980,01,24.2,12.9,Y
IDCJAC0002,087031,1980,02,25.1,12.8,Y
IDCJAC0002,087031,1980,03,23.4,11.9,Y
IDCJAC0002,087031,1980,04,22.0,11.3,Y
IDCJAC0002,087031,1980,05,18.8,8.8,Y
IDCJAC0002,087031,1980,06,14.1,6.8,Y
IDCJAC0002,087031,1980,07,13.8,5.7,Y
IDCJAC0002,087031,1980,08,16.5,6.7,Y
IDCJAC0002,087031,1980,09,19.4,8.6,Y
IDCJAC0002,087031,1980,10,20.6,9.1,Y
IDCJAC0002,087031,1980,11,23.0,10.9,Y
IDCJAC0002,087031,1980,12,25.9,13.7,Y
IDCJAC0002,087031,1981,01,29.4,16.8,Y
IDCJAC0002,087031,1981,02,28.0,16.8,Y
IDCJAC0002,087031,1981,03,23.4,12.1,Y
IDCJAC0002,087031,1981,04,22.4,10.3,Y
IDCJAC0002,087031,1981,05,17.2,8.3,Y
IDCJAC0002,087031,1981,06,14.3,6.2,Y
IDCJAC0002,087031,1981,07,14.0,6.7,Y
IDCJAC0002,087031,1981,08,14.6,6.2,Y
IDCJAC0002,087031,1981,09,18.6,8.4,Y
IDCJAC0002,087031,1981,10,20.2,8.1,Y
IDCJAC0002,087031,1981,11,21.3,10.6,Y
IDCJAC0002,087031,1981,12,23.6,12.6,Y
IDCJAC0002,087031,1982,01,27.9,15.7,Y
IDCJAC0002,087031,1982,02,26.6,14.9,Y
IDCJAC0002,087031,1982,03,25.2,13.7,Y
IDCJAC0002,087031,1982,04,21.4,10.1,Y
IDCJAC0002,087031,1982,05,17.5,8.5,Y
IDCJAC0002,087031,1982,06,13.6,4.1,Y
IDCJAC0002,087031,1982,07,13.1,1.9,Y
IDCJAC0002,087031,1982,08,17.8,4.9,Y
IDCJAC0002,087031,1982,09,16.7,4.5,Y
IDCJAC0002,087031,1982,10,19.8,7.1,Y
IDCJAC0002,087031,1982,11,25.2,9.9,Y
IDCJAC0002,087031,1982,12,23.6,12.0,Y
IDCJAC0002,087031,1983,01,24.4,11.2,Y
IDCJAC0002,087031,1983,02,28.8,14.9,Y
IDCJAC0002,087031,1983,03,24.0,14.5,Y
IDCJAC0002,087031,1983,04,18.2,9.1,Y
IDCJAC0002,087031,1983,05,16.7,8.3,Y
IDCJAC0002,087031,1983,06,13.3,4.6,Y
IDCJAC0002,087031,1983,07,12.8,4.7,Y
IDCJAC0002,087031,1983,08,15.2,6.9,Y
IDCJAC0002,087031,1983,09,16.3,7.0,Y
IDCJAC0002,087031,1983,10,17.4,8.8,Y
IDCJAC0002,087031,1983,11,20.4,10.0,Y
IDCJAC0002,087031,1983,12,24.0,12.4,Y
IDCJAC0002,087031,1984,01,23.9,12.6,Y
IDCJAC0002,087031,1984,02,26.0,13.0,Y
IDCJAC0002,087031,1984,03,22.5,10.7,Y
IDCJAC0002,087031,1984,04,19.5,8.5,Y
IDCJAC0002,087031,1984,05,18.0,5.4,Y
IDCJAC0002,087031,1984,06,15.1,4.7,Y
IDCJAC0002,087031,1984,07,12.9,3.6,Y
IDCJAC0002,087031,1984,08,15.5,6.1,Y
IDCJAC0002,087031,1984,09,15.3,5.9,Y
IDCJAC0002,087031,1984,10,19.6,7.6,Y
IDCJAC0002,087031,1984,11,22.4,10.2,Y
IDCJAC0002,087031,1984,12,22.6,10.7,Y
IDCJAC0002,087031,1985,01,24.3,12.4,Y
IDCJAC0002,087031,1985,02,24.7,12.6,Y
IDCJAC0002,087031,1985,03,25.6,14.5,Y
IDCJAC0002,087031,1985,04,21.8,11.0,Y
IDCJAC0002,087031,1985,05,17.9,6.6,Y
IDCJAC0002,087031,1985,06,14.1,5.0,Y
IDCJAC0002,087031,1985,07,13.4,4.2,Y
IDCJAC0002,087031,1985,08,14.5,5.8,Y
IDCJAC0002,087031,1985,09,15.6,6.8,Y
IDCJAC0002,087031,1985,10,19.6,7.7,Y
IDCJAC0002,087031,1985,11,20.7,11.2,Y
IDCJAC0002,087031,1985,12,23.2,12.6,Y
IDCJAC0002,087031,1986,01,22.9,12.2,Y
IDCJAC0002,087031,1986,02,26.0,12.2,Y
IDCJAC0002,087031,1986,03,25.4,12.8,Y
IDCJAC0002,087031,1986,04,19.9,9.8,Y
IDCJAC0002,087031,1986,05,16.4,8.6,Y
IDCJAC0002,087031,1986,06,13.2,4.9,Y
IDCJAC0002,087031,1986,07,13.1,4.9,Y
IDCJAC0002,087031,1986,08,14.6,4.7,Y
IDCJAC0002,087031,1986,09,16.0,6.6,Y
IDCJAC0002,087031,1986,10,17.8,6.9,Y
IDCJAC0002,087031,1986,11,20.9,9.3,Y
IDCJAC0002,087031,1986,12,22.9,10.0,Y
IDCJAC0002,087031,1987,01,24.1,10.7,Y
IDCJAC0002,087031,1987,02,25.6,11.6,Y
IDCJAC0002,087031,1987,03,21.3,10.5,Y
IDCJAC0002,087031,1987,04,21.0,9.7,Y
IDCJAC0002,087031,1987,05,16.7,8.4,Y
IDCJAC0002,087031,1987,06,14.1,6.4,Y
IDCJAC0002,087031,1987,07,13.4,4.4,Y
IDCJAC0002,087031,1987,08,14.5,6.1,Y
IDCJAC0002,087031,1987,09,18.2,7.2,Y
IDCJAC0002,087031,1987,10,18.5,8.5,Y
IDCJAC0002,087031,1987,11,22.2,11.6,Y
IDCJAC0002,087031,1987,12,21.7,12.0,Y
IDCJAC0002,087031,1988,01,27.5,14.4,Y
IDCJAC0002,087031,1988,02,23.8,13.1,Y
IDCJAC0002,087031,1988,03,24.7,12.7,Y
IDCJAC0002,087031,1988,04,21.3,11.3,Y
IDCJAC0002,087031,1988,05,17.7,9.8,Y
IDCJAC0002,087031,1988,06,15.1,6.3,Y
IDCJAC0002,087031,1988,07,14.3,6.5,Y
IDCJAC0002,087031,1988,08,15.2,6.1,Y
IDCJAC0002,087031,1988,09,18.1,6.9,Y
IDCJAC0002,087031,1988,10,20.8,8.6,Y
IDCJAC0002,087031,1988,11,21.7,10.7,Y
IDCJAC0002,087031,1988,12,23.6,13.6,Y
IDCJAC0002,087031,1989,01,24.8,13.3,Y
IDCJAC0002,087031,1989,02,26.5,14.8,Y
IDCJAC0002,087031,1989,03,23.9,14.5,Y
IDCJAC0002,087031,1989,04,20.5,10.8,Y
IDCJAC0002,087031,1989,05,17.1,8.7,Y
IDCJAC0002,087031,1989,06,13.3,4.7,Y
IDCJAC0002,087031,1989,07,13.0,4.4,Y
IDCJAC0002,087031,1989,08,13.4,4.5,Y
IDCJAC0002,087031,1989,09,16.5,6.0,Y
IDCJAC0002,087031,1989,10,18.4,7.5,Y
IDCJAC0002,087031,1989,11,21.6,10.4,Y
IDCJAC0002,087031,1989,12,24.7,11.4,Y
IDCJAC0002,087031,1990,01,26.1,13.7,Y
IDCJAC0002,087031,1990,02,24.3,13.7,Y
IDCJAC0002,087031,1990,03,24.7,12.7,Y
IDCJAC0002,087031,1990,04,20.7,11.7,Y
IDCJAC0002,087031,1990,05,17.4,7.8,Y
IDCJAC0002,087031,1990,06,14.5,6.0,Y
IDCJAC0002,087031,1990,07,14.1,6.3,Y
IDCJAC0002,087031,1990,08,13.9,6.1,Y
IDCJAC0002,087031,1990,09,16.6,6.9,Y
IDCJAC0002,087031,1990,10,19.5,8.8,Y
IDCJAC0002,087031,1990,11,22.4,10.4,Y
IDCJAC0002,087031,1990,12,25.6,12.2,Y
IDCJAC0002,087031,1991,01,25.1,14.9,Y
IDCJAC0002,087031,1991,02,24.6,12.5,Y
IDCJAC0002,087031,1991,03,23.8,11.1,Y
IDCJAC0002,087031,1991,04,20.2,8.4,Y
IDCJAC0002,087031,1991,05,16.5,7.0,Y
IDCJAC0002,087031,1991,06,15.4,8.3,Y
IDCJAC0002,087031,1991,07,13.4,5.7,Y
IDCJAC0002,087031,1991,08,14.4,5.5,Y
IDCJAC0002,087031,1991,09,16.0,6.3,Y
IDCJAC0002,087031,1991,10,20.8,8.9,Y
IDCJAC0002,087031,1991,11,21.8,8.5,Y
IDCJAC0002,087031,1991,12,22.0,12.2,Y
IDCJAC0002,087031,1992,01,21.7,12.3,Y
IDCJAC0002,087031,1992,02,24.1,13.5,Y
IDCJAC0002,087031,1992,03,24.0,14.3,Y
IDCJAC0002,087031,1992,04,20.8,10.3,Y
IDCJAC0002,087031,1992,05,16.7,7.7,Y
IDCJAC0002,087031,1992,06,13.6,6.1,Y
IDCJAC0002,087031,1992,07,13.9,5.5,Y
IDCJAC0002,087031,1992,08,13.7,4.5,Y
IDCJAC0002,087031,1992,09,14.1,5.9,Y
IDCJAC0002,087031,1992,10,18.3,8.8,Y
IDCJAC0002,087031,1992,11,19.4,9.4,Y
IDCJAC0002,087031,1992,12,22.7,13.9,Y
IDCJAC0002,087031,1993,01,25.6,14.0,Y
IDCJAC0002,087031,1993,02,25.7,14.3,Y
IDCJAC0002,087031,1993,03,22.4,12.3,Y
IDCJAC0002,087031,1993,04,22.8,9.6,Y
IDCJAC0002,087031,1993,05,17.6,7.5,Y
IDCJAC0002,087031,1993,06,13.9,6.4,Y
IDCJAC0002,087031,1993,07,14.4,5.8,Y
IDCJAC0002,087031,1993,08,16.6,6.0,Y
IDCJAC0002,087031,1993,09,16.4,7.9,Y
IDCJAC0002,087031,1993,10,18.2,7.9,Y
IDCJAC0002,087031,1993,11,20.0,9.3,Y
IDCJAC0002,087031,1993,12,22.1,11.7,Y
IDCJAC0002,087031,1994,01,24.3,11.3,Y
IDCJAC0002,087031,1994,02,24.5,14.4,Y
IDCJAC0002,087031,1994,03,21.9,11.3,Y
IDCJAC0002,087031,1994,04,20.4,9.7,Y
IDCJAC0002,087031,1994,05,17.1,8.1,Y
IDCJAC0002,087031,1994,06,14.5,5.7,Y
IDCJAC0002,087031,1994,07,15.4,4.7,Y
IDCJAC0002,087031,1994,08,14.5,3.9,Y
IDCJAC0002,087031,1994,09,15.7,5.5,Y
IDCJAC0002,087031,1994,10,19.9,8.3,Y
IDCJAC0002,087031,1994,11,20.7,10.1,Y
IDCJAC0002,087031,1994,12,26.1,13.6,Y
IDCJAC0002,087031,1995,01,25.5,15.3,Y
IDCJAC0002,087031,1995,02,25.7,14.4,Y
IDCJAC0002,087031,1995,03,22.0,11.9,Y
IDCJAC0002,087031,1995,04,17.5,8.0,Y
IDCJAC0002,087031,1995,05,15.8,8.2,Y
IDCJAC0002,087031,1995,06,13.3,6.6,Y
IDCJAC0002,087031,1995,07,12.5,5.5,Y
IDCJAC0002,087031,1995,08,16.2,5.5,Y
IDCJAC0002,087031,1995,09,15.9,5.2,Y
IDCJAC0002,087031,1995,10,18.1,7.9,Y
IDCJAC0002,087031,1995,11,20.7,10.0,Y
IDCJAC0002,087031,1995,12,19.7,10.0,Y
IDCJAC0002,087031,1996,01,24.2,13.7,Y
IDCJAC0002,087031,1996,02,23.2,12.3,Y
IDCJAC0002,087031,1996,03,23.2,10.9,Y
IDCJAC0002,087031,1996,04,17.9,8.6,Y
IDCJAC0002,087031,1996,05,16.2,7.7,Y
IDCJAC0002,087031,1996,06,14.5,5.2,Y
IDCJAC0002,087031,1996,07,13.0,4.9,Y
IDCJAC0002,087031,1996,08,14.5,6.2,Y
IDCJAC0002,087031,1996,09,16.4,6.9,Y
IDCJAC0002,087031,1996,10,19.3,9.2,Y
IDCJAC0002,087031,1996,11,20.8,9.3,Y
IDCJAC0002,087031,1996,12,21.3,9.7,Y
IDCJAC0002,087031,1997,01,26.7,15.1,Y
IDCJAC0002,087031,1997,02,28.6,16.8,Y
IDCJAC0002,087031,1997,03,22.5,11.5,Y
IDCJAC0002,087031,1997,04,20.8,9.2,Y
IDCJAC0002,087031,1997,05,16.1,8.5,Y
IDCJAC0002,087031,1997,06,14.5,6.2,Y
IDCJAC0002,087031,1997,07,13.0,3.5,Y
IDCJAC0002,087031,1997,08,14.4,4.6,Y
IDCJAC0002,087031,1997,09,15.8,6.4,Y
IDCJAC0002,087031,1997,10,19.4,8.2,Y
IDCJAC0002,087031,1997,11,21.6,10.2,Y
IDCJAC0002,087031,1997,12,23.6,12.1,Y
IDCJAC0002,087031,1998,01,26.0,14.7,Y
IDCJAC0002,087031,1998,02,26.1,12.6,Y
IDCJAC0002,087031,1998,03,24.0,11.9,Y
IDCJAC0002,087031,1998,04,18.4,9.3,Y
IDCJAC0002,087031,1998,05,16.2,7.7,Y
IDCJAC0002,087031,1998,06,13.7,5.7,Y
IDCJAC0002,087031,1998,07,12.6,3.9,Y
IDCJAC0002,087031,1998,08,14.9,5.4,Y
IDCJAC0002,087031,1998,09,18.4,7.6,Y
IDCJAC0002,087031,1998,10,18.6,7.5,Y
IDCJAC0002,087031,1998,11,20.3,9.1,Y
IDCJAC0002,087031,1998,12,23.9,12.6,Y
IDCJAC0002,087031,1999,01,25.6,15.5,Y
IDCJAC0002,087031,1999,02,26.8,15.1,Y
IDCJAC0002,087031,1999,03,22.5,12.7,Y
IDCJAC0002,087031,1999,04,18.7,7.4,Y
IDCJAC0002,087031,1999,05,18.1,8.5,Y
IDCJAC0002,087031,1999,06,14.6,5.7,Y
IDCJAC0002,087031,1999,07,14.8,6.1,Y
IDCJAC0002,087031,1999,08,15.4,7.1,Y
IDCJAC0002,087031,1999,09,17.9,7.5,Y
IDCJAC0002,087031,1999,10,20.3,9.1,Y
IDCJAC0002,087031,1999,11,21.6,9.1,Y
IDCJAC0002,087031,1999,12,23.6,12.8,Y
IDCJAC0002,087031,2000,01,24.3,13.5,Y
IDCJAC0002,087031,2000,02,29.0,16.2,Y
IDCJAC0002,087031,2000,03,25.2,14.0,Y
IDCJAC0002,087031,2000,04,21.0,10.5,Y
IDCJAC0002,087031,2000,05,16.2,7.9,Y
IDCJAC0002,087031,2000,06,14.2,6.0,Y
IDCJAC0002,087031,2000,07,13.8,4.7,Y
IDCJAC0002,087031,2000,08,15.0,4.4,Y
IDCJAC0002,087031,2000,09,17.5,7.4,Y
IDCJAC0002,087031,2000,10,18.0,8.0,Y
IDCJAC0002,087031,2000,11,22.1,13.2,Y
IDCJAC0002,087031,2000,12,25.3,12.2,Y
IDCJAC0002,087031,2001,01,27.8,16.1,Y
IDCJAC0002,087031,2001,02,28.6,16.3,Y
IDCJAC0002,087031,2001,03,23.5,11.5,Y
IDCJAC0002,087031,2001,04,19.7,9.5,Y
IDCJAC0002,087031,2001,05,16.2,7.0,Y
IDCJAC0002,087031,2001,06,15.4,7.2,Y
IDCJAC0002,087031,2001,07,13.7,5.4,Y
IDCJAC0002,087031,2001,08,15.1,6.1,Y
IDCJAC0002,087031,2001,09,18.6,7.8,Y
IDCJAC0002,087031,2001,10,18.8,8.0,Y
IDCJAC0002,087031,2001,11,20.0,9.6,Y
IDCJAC0002,087031,2001,12,20.4,10.1,Y
IDCJAC0002,087031,2002,01,24.7,12.9,Y
IDCJAC0002,087031,2002,02,24.5,13.4,Y
IDCJAC0002,087031,2002,03,23.4,12.4,Y
IDCJAC0002,087031,2002,04,20.9,10.7,Y
IDCJAC0002,087031,2002,05,17.5,7.0,Y
IDCJAC0002,087031,2002,06,15.4,6.4,Y
IDCJAC0002,087031,2002,07,15.2,5.6,Y
IDCJAC0002,087031,2002,08,15.6,5.2,Y
IDCJAC0002,087031,2002,09,18.7,6.8,Y
IDCJAC0002,087031,2002,10,20.5,8.4,Y
IDCJAC0002,087031,2002,11,23.2,10.0,Y
IDCJAC0002,087031,2002,12,24.4,12.7,Y
IDCJAC0002,087031,2003,01,26.9,13.5,Y
IDCJAC0002,087031,2003,02,25.2,15.3,Y
IDCJAC0002,087031,2003,03,23.4,13.4,Y
IDCJAC0002,087031,2003,04,20.2,10.0,Y
IDCJAC0002,087031,2003,05,18.0,7.5,Y
IDCJAC0002,087031,2003,06,15.8,7.5,Y
IDCJAC0002,087031,2003,07,14.3,5.3,Y
IDCJAC0002,087031,2003,08,14.3,5.6,Y
IDCJAC0002,087031,2003,09,17.0,5.9,Y
IDCJAC0002,087031,2003,10,16.8,7.2,Y
IDCJAC0002,087031,2003,11,22.8,10.9,Y
IDCJAC0002,087031,2003,12,26.6,13.5,Y
IDCJAC0002,087031,2004,01,23.6,12.2,Y
IDCJAC0002,087031,2004,02,25.1,13.9,Y
IDCJAC0002,087031,2004,03,22.9,12.1,Y
IDCJAC0002,087031,2004,04,20.8,10.4,Y
IDCJAC0002,087031,2004,05,17.0,7.4,Y
IDCJAC0002,087031,2004,06,14.7,7.2,Y
IDCJAC0002,087031,2004,07,13.5,5.5,Y
IDCJAC0002,087031,2004,08,15.5,5.9,Y
IDCJAC0002,087031,2004,09,16.3,7.6,Y
IDCJAC0002,087031,2004,10,20.4,8.7,Y
IDCJAC0002,087031,2004,11,21.3,10.9,Y
IDCJAC0002,087031,2004,12,23.9,12.3,Y
IDCJAC0002,087031,2005,01,26.1,13.7,Y
IDCJAC0002,087031,2005,02,23.3,12.7,Y
IDCJAC0002,087031,2005,03,22.7,11.3,Y
IDCJAC0002,087031,2005,04,23.3,11.3,Y
IDCJAC0002,087031,2005,05,18.3,7.7,Y
IDCJAC0002,087031,2005,06,15.9,6.3,Y
IDCJAC0002,087031,2005,07,15.0,6.6,Y
IDCJAC0002,087031,2005,08,15.9,6.6,Y
IDCJAC0002,087031,2005,09,17.8,6.9,Y
IDCJAC0002,087031,2005,10,21.1,9.3,Y
IDCJAC0002,087031,2005,11,23.9,12.0,Y
IDCJAC0002,087031,2005,12,27.7,11.6,Y
IDCJAC0002,087031,2006,01,26.8,15.7,Y
IDCJAC0002,087031,2006,02,24.5,14.1,Y
IDCJAC0002,087031,2006,03,25.2,13.3,Y
IDCJAC0002,087031,2006,04,18.8,8.6,Y
IDCJAC0002,087031,2006,05,15.9,7.1,Y
IDCJAC0002,087031,2006,06,13.6,3.9,Y
IDCJAC0002,087031,2006,07,14.0,5.9,Y
IDCJAC0002,087031,2006,08,16.4,5.4,Y
IDCJAC0002,087031,2006,09,18.9,7.3,Y
IDCJAC0002,087031,2006,10,21.7,7.0,Y
IDCJAC0002,087031,2006,11,22.1,10.1,Y
IDCJAC0002,087031,2006,12,24.8,11.5,Y
IDCJAC0002,087031,2007,01,27.2,15.4,Y
IDCJAC0002,087031,2007,02,28.3,16.7,Y
IDCJAC0002,087031,2007,03,25.0,13.2,Y
IDCJAC0002,087031,2007,04,21.9,10.3,Y
IDCJAC0002,087031,2007,05,19.4,11.5,Y
IDCJAC0002,087031,2007,06,13.3,5.8,Y
IDCJAC0002,087031,2007,07,13.5,5.1,Y
IDCJAC0002,087031,2007,08,16.8,6.0,Y
IDCJAC0002,087031,2007,09,18.7,6.2,Y
IDCJAC0002,087031,2007,10,21.7,8.9,Y
IDCJAC0002,087031,2007,11,23.4,12.9,Y
IDCJAC0002,087031,2007,12,26.2,13.7,Y
IDCJAC0002,087031,2008,01,27.3,15.8,Y
IDCJAC0002,087031,2008,02,24.2,14.2,Y
IDCJAC0002,087031,2008,03,26.8,12.6,Y
IDCJAC0002,087031,2008,04,20.5,8.9,Y
IDCJAC0002,087031,2008,05,16.9,7.5,Y
IDCJAC0002,087031,2008,06,15.3,8.1,Y
IDCJAC0002,087031,2008,07,13.8,4.7,Y
IDCJAC0002,087031,2008,08,14.1,5.2,Y
IDCJAC0002,087031,2008,09,18.5,7.4,Y
IDCJAC0002,087031,2008,10,21.7,8.9,Y
IDCJAC0002,087031,2008,11,22.7,10.9,Y
IDCJAC0002,087031,2008,12,22.8,11.6,Y
IDCJAC0002,087031,2009,01,27.5,12.9,Y
IDCJAC0002,087031,2009,02,27.1,14.9,Y
IDCJAC0002,087031,2009,03,23.6,12.7,Y
IDCJAC0002,087031,2009,04,20.2,9.3,Y
IDCJAC0002,087031,2009,05,16.8,7.7,Y
IDCJAC0002,087031,2009,06,15.1,5.7,Y
IDCJAC0002,087031,2009,07,15.2,6.0,Y
IDCJAC0002,087031,2009,08,17.0,7.7,Y
IDCJAC0002,087031,2009,09,18.7,8.1,Y
IDCJAC0002,087031,2009,10,19.1,8.2,Y
IDCJAC0002,087031,2009,11,25.8,13.8,Y
IDCJAC0002,087031,2009,12,24.9,12.8,Y
IDCJAC0002,087031,2010,01,26.7,14.7,Y
IDCJAC0002,087031,2010,02,27.3,16.5,Y
IDCJAC0002,087031,2010,03,25.2,14.6,Y
IDCJAC0002,087031,2010,04,22.5,12.5,Y
IDCJAC0002,087031,2010,05,17.5,7.8,Y
IDCJAC0002,087031,2010,06,14.1,5.7,Y
IDCJAC0002,087031,2010,07,14.0,5.2,Y
IDCJAC0002,087031,2010,08,13.9,5.9,Y
IDCJAC0002,087031,2010,09,15.6,6.9,Y
IDCJAC0002,087031,2010,10,19.4,8.4,Y
IDCJAC0002,087031,2010,11,21.6,11.6,Y
IDCJAC0002,087031,2010,12,23.6,12.1,Y
IDCJAC0002,087031,2011,01,25.3,15.6,Y
IDCJAC0002,087031,2011,02,23.9,15.4,Y
IDCJAC0002,087031,2011,03,22.0,13.1,Y
IDCJAC0002,087031,2011,04,20.1,9.3,Y
IDCJAC0002,087031,2011,05,15.5,7.7,Y
IDCJAC0002,087031,2011,06,14.9,5.5,Y
IDCJAC0002,087031,2011,07,13.9,6.1,Y
IDCJAC0002,087031,2011,08,16.6,6.3,Y
IDCJAC0002,087031,2011,09,18.7,7.1,Y
IDCJAC0002,087031,2011,10,19.9,9.4,Y
IDCJAC0002,087031,2011,11,23.4,11.9,Y
IDCJAC0002,087031,2011,12,23.6,13.1,Y
IDCJAC0002,087031,2012,01,26.4,15.1,Y
IDCJAC0002,087031,2012,02,26.2,15.6,Y
IDCJAC0002,087031,2012,03,22.8,13.1,Y
IDCJAC0002,087031,2012,04,21.3,9.6,Y
IDCJAC0002,087031,2012,05,16.6,7.7,Y
IDCJAC0002,087031,2012,06,13.7,6.4,Y
IDCJAC0002,087031,2012,07,14.2,5.8,Y
IDCJAC0002,087031,2012,08,14.6,6.4,Y
IDCJAC0002,087031,2012,09,17.6,7.3,Y
IDCJAC0002,087031,2012,10,20.2,7.8,Y
IDCJAC0002,087031,2012,11,22.7,11.3,Y
IDCJAC0002,087031,2012,12,25.0,12.8,Y
IDCJAC0002,087031,2013,01,26.7,14.2,Y
IDCJAC0002,087031,2013,02,27.4,15.5,Y
IDCJAC0002,087031,2013,03,26.8,14.7,Y
IDCJAC0002,087031,2013,04,20.4,10.4,Y
IDCJAC0002,087031,2013,05,18.0,7.9,Y
IDCJAC0002,087031,2013,06,14.4,5.4,Y
IDCJAC0002,087031,2013,07,15.3,6.8,Y
IDCJAC0002,087031,2013,08,16.1,7.5,Y
IDCJAC0002,087031,2013,09,19.0,9.1,Y
IDCJAC0002,087031,2013,10,18.9,8.7,Y
IDCJAC0002,087031,2013,11,20.7,10.8,Y
IDCJAC0002,087031,2013,12,24.3,12.0,Y
IDCJAC0002,087031,2014,01,28.0,15.6,Y
IDCJAC0002,087031,2014,02,27.3,14.6,Y
IDCJAC0002,087031,2014,03,24.8,13.3,Y
IDCJAC0002,087031,2014,04,20.2,12.3,Y
IDCJAC0002,087031,2014,05,18.8,9.3,Y
IDCJAC0002,087031,2014,06,15.2,8.0,Y
IDCJAC0002,087031,2014,07,14.1,6.9,Y
IDCJAC0002,087031,2014,08,15.0,5.9,Y
IDCJAC0002,087031,2014,09,18.4,7.3,Y
IDCJAC0002,087031,2014,10,21.9,9.2,Y
IDCJAC0002,087031,2014,11,23.0,11.2,Y
IDCJAC0002,087031,2014,12,23.7,13.0,Y
IDCJAC0002,087031,2015,01,26.1,14.6,Y
IDCJAC0002,087031,2015,02,26.6,15.9,Y
IDCJAC0002,087031,2015,03,23.2,11.3,Y
IDCJAC0002,087031,2015,04,19.2,9.6,Y
IDCJAC0002,087031,2015,05,17.2,8.2,Y
IDCJAC0002,087031,2015,06,13.9,6.1,Y
IDCJAC0002,087031,2015,07,13.3,5.5,Y
IDCJAC0002,087031,2015,08,13.8,6.3,Y
IDCJAC0002,087031,2015,09,17.4,7.2,Y
IDCJAC0002,087031,2015,10,24.8,10.7,Y
IDCJAC0002,087031,2015,11,22.8,11.6,Y
IDCJAC0002,087031,2015,12,27.8,13.6,Y
IDCJAC0002,087031,2016,01,26.2,15.9,Y
IDCJAC0002,087031,2016,02,25.7,15.5,Y
IDCJAC0002,087031,2016,03,24.7,15.3,Y
IDCJAC0002,087031,2016,04,22.5,11.9,Y
IDCJAC0002,087031,2016,05,18.6,10.1,Y
IDCJAC0002,087031,2016,06,14.0,6.4,Y
IDCJAC0002,087031,2016,07,14.2,7.1,Y
IDCJAC0002,087031,2016,08,15.5,6.9,Y
IDCJAC0002,087031,2016,09,16.5,8.5,Y
IDCJAC0002,087031,2016,10,19.0,8.1,Y
IDCJAC0002,087031,2016,11,21.0,10.0,Y
IDCJAC0002,087031,2016,12,25.6,13.1,Y
IDCJAC0002,087031,2017,01,26.5,15.7,Y
IDCJAC0002,087031,2017,02,26.1,13.4,Y
IDCJAC0002,087031,2017,03,26.5,14.6,Y
IDCJAC0002,087031,2017,04,20.5,11.1,Y
IDCJAC0002,087031,2017,05,16.8,7.6,Y
IDCJAC0002,087031,2017,06,14.8,5.0,Y
IDCJAC0002,087031,2017,07,14.6,4.9,Y
IDCJAC0002,087031,2017,08,14.6,5.4,Y
IDCJAC0002,087031,2017,09,18.1,7.3,Y
IDCJAC0002,087031,2017,10,21.0,9.3,Y
IDCJAC0002,087031,2017,11,25.8,13.4,Y
IDCJAC0002,087031,2017,12,24.8,14.1,Y
IDCJAC0002,087031,2018,01,27.5,16.3,Y
IDCJAC0002,087031,2018,02,27.2,15.8,Y
IDCJAC0002,087031,2018,03,25.1,13.4,Y
IDCJAC0002,087031,2018,04,21.9,10.9,Y
IDCJAC0002,087031,2018,05,17.5,9.4,Y
IDCJAC0002,087031,2018,06,14.2,5.4,Y
IDCJAC0002,087031,2018,07,14.9,6.3,Y
IDCJAC0002,087031,2018,08,15.1,5.3,Y
IDCJAC0002,087031,2018,09,17.7,6.3,Y
IDCJAC0002,087031,2018,10,21.4,9.8,Y
IDCJAC0002,087031,2018,11,22.3,11.4,Y
IDCJAC0002,087031,2018,12,25.6,15.0,Y
IDCJAC0002,087031,2019,01,28.5,16.2,Y
IDCJAC0002,087031,2019,02,26.1,14.3,Y
IDCJAC0002,087031,2019,03,25.5,14.3,Y
IDCJAC0002,087031,2019,04,22.4,10.6,Y
IDCJAC0002,087031,2019,05,17.9,9.1,Y
IDCJAC0002,087031,2019,06,14.9,7.2,Y
IDCJAC0002,087031,2019,07,14.7,6.6,Y
IDCJAC0002,087031,2019,08,14.3,6.1,Y
IDCJAC0002,087031,2019,09,17.7,7.2,Y
IDCJAC0002,087031,2019,10,21.8,8.9,Y
IDCJAC0002,087031,2019,11,22.2,9.8,Y
IDCJAC0002,087031,2019,12,25.7,13.1,Y
IDCJAC0002,087031,2020,01,26.6,14.1,Y
IDCJAC0002,087031,2020,02,24.0,15.4,Y
IDCJAC0002,087031,2020,03,22.8,13.4,Y
IDCJAC0002,087031,2020,04,19.1,10.2,Y
IDCJAC0002,087031,2020,05,16.1,7.5,Y
IDCJAC0002,087031,2020,06,14.6,5.6,Y
IDCJAC0002,087031,2020,07,13.8,5.6,Y
IDCJAC0002,087031,2020,08,15.1,6.1,Y
IDCJAC0002,087031,2020,09,18.0,8.5,Y
IDCJAC0002,087031,2020,10,19.2,9.7,Y
IDCJAC0002,087031,2020,11,24.7,12.8,Y
IDCJAC0002,087031,2020,12,23.1,11.9,Y
IDCJAC0002,087031,2021,01,25.1,14.6,Y
IDCJAC0002,087031,2021,02,24.5,13.9,Y
IDCJAC0002,087031,2021,03,22.2,12.6,Y
IDCJAC0002,087031,2021,04,20.6,10.4,Y
IDCJAC0002,087031,2021,05,17.7,7.7,Y
IDCJAC0002,087031,2021,06,15.4,6.7,Y
IDCJAC0002,087031,2021,07,14.3,6.3,Y
IDCJAC0002,087031,2021,08,16.3,7.0,Y
IDCJAC0002,087031,2021,09,18.1,7.6,Y
IDCJAC0002,087031,2021,10,19.2,8.5,Y
IDCJAC0002,087031,2021,11,20.5,10.6,Y
IDCJAC0002,087031,2021,12,24.2,12.6,Y
IDCJAC0002,087031,2022,01,28.0,17.3,Y
IDCJAC0002,087031,2022,02,25.0,15.2,Y
IDCJAC0002,087031,2022,03,24.3,15.2,Y
IDCJAC0002,087031,2022,04,21.1,12.0,Y
IDCJAC0002,087031,2022,05,16.5,7.9,Y
IDCJAC0002,087031,2022,06,14.1,7.0,Y
IDCJAC0002,087031,2022,07,13.6,5.0,Y
IDCJAC0002,087031,2022,08,15.6,7.0,Y
IDCJAC0002,087031,2022,09,16.2,7.8,Y
IDCJAC0002,087031,2022,10,18.7,9.4,Y
IDCJAC0002,087031,2022,11,20.0,10.2,Y
IDCJAC0002,087031,2022,12,23.6,12.4,Y
IDCJAC0002,087031,2023,01,26.8,15.5,Y
IDCJAC0002,087031,2023,02,25.5,14.7,Y
IDCJAC0002,087031,2023,03,23.4,13.6,Y
IDCJAC0002,087031,2023,04,20.4,11.2,Y
IDCJAC0002,087031,2023,05,16.5,7.8,Y
IDCJAC0002,087031,2023,06,15.0,7.6,Y
IDCJAC0002,087031,2023,07,15.5,7.2,Y
IDCJAC0002,087031,2023,08,16.2,7.0,Y
IDCJAC0002,087031,2023,09,20.8,7.9,Y
IDCJAC0002,087031,2023,10,19.8,9.4,Y
IDCJAC0002,087031,2023,11,22.2,13.3,Y
IDCJAC0002,087031,2023,12,23.3,14.1,Y