Product code,Station number,Year,Month,Monthly Precipitation Total (millimetres),Quality
IDCJAC0001,086088,1912,05,37.9,Y
IDCJAC0001,086088,1912,06,26.8,Y
IDCJAC0001,086088,1912,07,56.3,Y
IDCJAC0001,086088,1913,01,12.4,Y
IDCJAC0001,086088,1913,05,98.0,Y
IDCJAC0001,086088,1913,08,61.0,Y
IDCJAC0001,086088,1913,09,38.6,Y
IDCJAC0001,086088,1913,10,41.1,Y
IDCJAC0001,086088,1913,11,79.3,Y
IDCJAC0001,086088,1913,12,59.4,Y
IDCJAC0001,086088,1914,01,40.6,Y
IDCJAC0001,086088,1914,02,3.1,Y
IDCJAC0001,086088,1914,03,56.1,Y
IDCJAC0001,086088,1914,04,60.7,Y
IDCJAC0001,086088,1914,05,91.8,Y
IDCJAC0001,086088,1914,06,46.1,Y
IDCJAC0001,086088,1914,07,66.8,Y
IDCJAC0001,086088,1914,08,18.3,Y
IDCJAC0001,086088,1914,09,35.8,Y
IDCJAC0001,086088,1914,10,4.5,Y
IDCJAC0001,086088,1914,11,74.0,Y
IDCJAC0001,086088,1914,12,76.7,Y
IDCJAC0001,086088,1915,01,57.5,Y
IDCJAC0001,086088,1915,02,16.6,Y
IDCJAC0001,086088,1915,03,6.4,Y
IDCJAC0001,086088,1915,04,60.7,Y
IDCJAC0001,086088,1915,05,108.2,Y
IDCJAC0001,086088,1915,06,70.3,Y
IDCJAC0001,086088,1915,07,53.7,Y
IDCJAC0001,086088,1915,08,81.7,Y
IDCJAC0001,086088,1915,09,58.5,Y
IDCJAC0001,086088,1915,10,93.5,Y
IDCJAC0001,086088,1915,11,15.1,Y
IDCJAC0001,086088,1915,12,24.3,Y
IDCJAC0001,086088,1916,01,110.8,Y
IDCJAC0001,086088,1916,02,39.2,Y
IDCJAC0001,086088,1916,03,21.8,Y
IDCJAC0001,086088,1916,04,74.2,Y
IDCJAC0001,086088,1916,05,51.6,Y
IDCJAC0001,086088,1916,06,71.7,Y
IDCJAC0001,086088,1916,07,51.8,Y
IDCJAC0001,086088,1916,08,72.9,Y
IDCJAC0001,086088,1916,09,174.4,Y
IDCJAC0001,086088,1916,10,83.2,Y
IDCJAC0001,086088,1916,11,129.8,Y
IDCJAC0001,086088,1916,12,116.7,Y
IDCJAC0001,086088,1917,01,28.6,Y
IDCJAC0001,086088,1917,02,54.1,Y
IDCJAC0001,086088,1917,03,48.7,Y
IDCJAC0001,086088,1917,04,60.8,Y
IDCJAC0001,086088,1917,05,85.2,Y
IDCJAC0001,086088,1917,06,103.1,Y
IDCJAC0001,086088,1917,07,63.5,Y
IDCJAC0001,086088,1917,08,79.4,Y
IDCJAC0001,086088,1917,09,81.3,Y
IDCJAC0001,086088,1917,10,138.6,Y
IDCJAC0001,086088,1917,11,78.4,Y
IDCJAC0001,086088,1917,12,66.9,Y
IDCJAC0001,086088,1918,01,61.7,Y
IDCJAC0001,086088,1918,02,60.7,Y
IDCJAC0001,086088,1918,03,96.4,Y
IDCJAC0001,086088,1918,04,23.4,Y
IDCJAC0001,086088,1918,05,94.8,Y
IDCJAC0001,086088,1918,06,52.6,Y
IDCJAC0001,086088,1918,07,73.0,Y
IDCJAC0001,086088,1918,08,88.1,Y
IDCJAC0001,086088,1918,09,110.3,Y
IDCJAC0001,086088,1918,10,60.5,Y
IDCJAC0001,086088,1918,11,10.3,Y
IDCJAC0001,086088,1918,12,68.8,Y
IDCJAC0001,086088,1919,01,21.7,Y
IDCJAC0001,086088,1919,02,84.1,Y
IDCJAC0001,086088,1919,03,139.4,Y
IDCJAC0001,086088,1919,04,23.4,Y
IDCJAC0001,086088,1919,05,38.6,Y
IDCJAC0001,086088,1919,06,38.7,Y
IDCJAC0001,086088,1919,07,66.0,Y
IDCJAC0001,086088,1919,08,17.7,Y
IDCJAC0001,086088,1919,09,31.8,Y
IDCJAC0001,086088,1919,10,40.6,Y
IDCJAC0001,086088,1919,11,17.7,Y
IDCJAC0001,086088,1919,12,109.0,Y
IDCJAC0001,086088,1920,01,17.8,Y
IDCJAC0001,086088,1920,02,17.0,Y
IDCJAC0001,086088,1920,03,46.2,Y
IDCJAC0001,086088,1920,04,51.8,Y
IDCJAC0001,086088,1920,05,65.9,Y
IDCJAC0001,086088,1920,06,56.8,Y
IDCJAC0001,086088,1920,07,39.2,Y
IDCJAC0001,086088,1920,08,126.5,Y
IDCJAC0001,086088,1920,09,127.4,Y
IDCJAC0001,086088,1920,10,115.6,Y
IDCJAC0001,086088,1920,11,73.0,Y
IDCJAC0001,086088,1920,12,23.6,Y
IDCJAC0001,086088,1921,01,127.5,Y
IDCJAC0001,086088,1921,02,25.2,Y
IDCJAC0001,086088,1921,03,31.8,Y
IDCJAC0001,086088,1921,04,21.3,Y
IDCJAC0001,086088,1921,05,65.4,Y
IDCJAC0001,086088,1921,06,43.5,Y
IDCJAC0001,086088,1921,07,70.8,Y
IDCJAC0001,086088,1921,08,100.5,Y
IDCJAC0001,086088,1921,09,102.2,Y
IDCJAC0001,086088,1921,10,87.7,Y
IDCJAC0001,086088,1921,11,62.7,Y
IDCJAC0001,086088,1921,12,19.4,Y
IDCJAC0001,086088,1922,01,68.8,Y
IDCJAC0001,086088,1922,02,72.9,Y
IDCJAC0001,086088,1922,03,8.1,Y
IDCJAC0001,086088,1922,04,42.5,Y
IDCJAC0001,086088,1922,05,59.5,Y
IDCJAC0001,086088,1922,06,46.4,Y
IDCJAC0001,086088,1922,07,98.4,Y
IDCJAC0001,086088,1922,08,72.8,Y
IDCJAC0001,086088,1922,09,72.1,Y
IDCJAC0001,086088,1922,10,102.8,Y
IDCJAC0001,086088,1922,11,28.7,Y
IDCJAC0001,086088,1922,12,56.8,Y
IDCJAC0001,086088,1923,01,29.6,Y
IDCJAC0001,086088,1923,02,10.9,Y
IDCJAC0001,086088,1923,03,12.9,Y
IDCJAC0001,086088,1923,04,0.0,Y
IDCJAC0001,086088,1923,05,73.5,Y
IDCJAC0001,086088,1923,06,61.2,Y
IDCJAC0001,086088,1923,07,64.9,Y
IDCJAC0001,086088,1923,08,57.2,Y
IDCJAC0001,086088,1923,09,64.4,Y
IDCJAC0001,086088,1923,10,148.1,Y
IDCJAC0001,086088,1923,11,66.5,Y
IDCJAC0001,086088,1923,12,76.9,Y
IDCJAC0001,086088,1924,01,106.2,Y
IDCJAC0001,086088,1924,02,76.1,Y
IDCJAC0001,086088,1924,03,113.0,Y
IDCJAC0001,086088,1924,04,94.8,Y
IDCJAC0001,086088,1924,05,26.2,Y
IDCJAC0001,086088,1924,06,37.9,Y
IDCJAC0001,086088,1924,07,23.2,Y
IDCJAC0001,086088,1924,08,120.0,Y
IDCJAC0001,086088,1924,09,59.1,Y
IDCJAC0001,086088,1924,10,100.7,Y
IDCJAC0001,086088,1924,11,99.4,Y
IDCJAC0001,086088,1924,12,89.7,Y
IDCJAC0001,086088,1925,01,83.9,Y
IDCJAC0001,086088,1925,02,57.4,Y
IDCJAC0001,086088,1925,03,18.1,Y
IDCJAC0001,086088,1925,04,49.6,Y
IDCJAC0001,086088,1925,05,35.1,Y
IDCJAC0001,086088,1925,06,25.7,Y
IDCJAC0001,086088,1925,07,82.0,Y
IDCJAC0001,086088,1925,08,37.2,Y
IDCJAC0001,086088,1925,09,50.2,Y
IDCJAC0001,086088,1925,10,38.7,Y
IDCJAC0001,086088,1925,11,53.1,Y
IDCJAC0001,086088,1925,12,10.2,Y
IDCJAC0001,086088,1926,01,73.1,Y
IDCJAC0001,086088,1926,02,3.3,Y
IDCJAC0001,086088,1926,03,31.9,Y
IDCJAC0001,086088,1926,04,49.6,Y
IDCJAC0001,086088,1926,05,62.0,Y
IDCJAC0001,086088,1926,06,72.4,Y
IDCJAC0001,086088,1926,07,40.4,Y
IDCJAC0001,086088,1926,08,53.6,Y
IDCJAC0001,086088,1926,09,25.2,Y
IDCJAC0001,086088,1926,10,44.2,Y
IDCJAC0001,086088,1926,11,22.8,Y
IDCJAC0001,086088,1926,12,27.7,Y
IDCJAC0001,086088,1927,01,9.8,Y
IDCJAC0001,086088,1927,02,23.9,Y
IDCJAC0001,086088,1927,03,40.6,Y
IDCJAC0001,086088,1927,04,20.0,Y
IDCJAC0001,086088,1927,05,62.7,Y
IDCJAC0001,086088,1927,06,35.9,Y
IDCJAC0001,086088,1927,07,72.7,Y
IDCJAC0001,086088,1927,08,58.6,Y
IDCJAC0001,086088,1927,09,34.0,Y
IDCJAC0001,086088,1927,10,71.6,Y
IDCJAC0001,086088,1927,11,21.3,Y
IDCJAC0001,086088,1927,12,27.6,Y
IDCJAC0001,086088,1928,01,82.6,Y
IDCJAC0001,086088,1928,02,89.1,Y
IDCJAC0001,086088,1928,03,112.2,Y
IDCJAC0001,086088,1928,04,22.2,Y
IDCJAC0001,086088,1928,05,72.6,Y
IDCJAC0001,086088,1928,06,54.6,Y
IDCJAC0001,086088,1928,07,13.9,Y
IDCJAC0001,086088,1928,08,18.3,Y
IDCJAC0001,086088,1928,09,25.1,Y
IDCJAC0001,086088,1928,10,67.8,Y
IDCJAC0001,086088,1928,11,38.4,Y
IDCJAC0001,086088,1928,12,22.1,Y
IDCJAC0001,086088,1929,01,42.3,Y
IDCJAC0001,086088,1929,02,57.9,Y
IDCJAC0001,086088,1929,03,65.8,Y
IDCJAC0001,086088,1929,04,108.4,Y
IDCJAC0001,086088,1929,05,53.8,Y
IDCJAC0001,086088,1929,06,35.2,Y
IDCJAC0001,086088,1929,07,60.2,Y
IDCJAC0001,086088,1929,08,48.2,Y
IDCJAC0001,086088,1929,09,49.8,Y
IDCJAC0001,086088,1929,10,69.8,Y
IDCJAC0001,086088,1929,11,80.0,Y
IDCJAC0001,086088,1929,12,81.2,Y
IDCJAC0001,086088,1930,01,3.3,Y
IDCJAC0001,086088,1930,02,57.4,Y
IDCJAC0001,086088,1930,03,5.7,Y
IDCJAC0001,086088,1930,04,46.0,Y
IDCJAC0001,086088,1930,05,83.6,Y
IDCJAC0001,086088,1930,06,49.8,Y
IDCJAC0001,086088,1930,07,43.1,Y
IDCJAC0001,086088,1930,08,85.0,Y
IDCJAC0001,086088,1930,09,39.0,Y
IDCJAC0001,086088,1930,10,56.1,Y
IDCJAC0001,086088,1930,11,67.5,Y
IDCJAC0001,086088,1930,12,115.5,Y
IDCJAC0001,086088,1931,01,26.8,Y
IDCJAC0001,086088,1931,02,25.7,Y
IDCJAC0001,086088,1931,03,156.4,Y
IDCJAC0001,086088,1931,04,67.3,Y
IDCJAC0001,086088,1931,05,67.1,Y
IDCJAC0001,086088,1931,06,92.2,Y
IDCJAC0001,086088,1931,07,67.2,Y
IDCJAC0001,086088,1931,08,52.7,Y
IDCJAC0001,086088,1931,09,50.5,Y
IDCJAC0001,086088,1931,10,25.1,Y
IDCJAC0001,086088,1931,11,115.3,Y
IDCJAC0001,086088,1931,12,14.7,Y
IDCJAC0001,086088,1932,01,0.0,Y
IDCJAC0001,086088,1932,02,71.6,Y
IDCJAC0001,086088,1932,03,106.7,Y
IDCJAC0001,086088,1932,04,107.3,Y
IDCJAC0001,086088,1932,05,8.5,Y
IDCJAC0001,086088,1932,06,65.5,Y
IDCJAC0001,086088,1932,07,41.7,Y
IDCJAC0001,086088,1932,08,78.6,Y
IDCJAC0001,086088,1932,09,14.5,Y
IDCJAC0001,086088,1932,10,108.1,Y
IDCJAC0001,086088,1932,11,28.9,Y
IDCJAC0001,086088,1932,12,117.1,Y
IDCJAC0001,086088,1933,01,42.2,Y
IDCJAC0001,086088,1933,02,5.1,Y
IDCJAC0001,086088,1933,03,50.3,Y
IDCJAC0001,086088,1933,04,22.0,Y
IDCJAC0001,086088,1933,05,45.0,Y
IDCJAC0001,086088,1933,06,44.7,Y
IDCJAC0001,086088,1933,07,78.7,Y
IDCJAC0001,086088,1933,08,60.8,Y
IDCJAC0001,086088,1933,09,46.5,Y
IDCJAC0001,086088,1933,10,32.0,Y
IDCJAC0001,086088,1933,11,36.6,Y
IDCJAC0001,086088,1933,12,79.4,Y
IDCJAC0001,086088,1934,01,88.9,Y
IDCJAC0001,086088,1934,02,21.6,Y
IDCJAC0001,086088,1934,03,2.1,Y
IDCJAC0001,086088,1934,04,140.4,Y
IDCJAC0001,086088,1934,05,3.1,Y
IDCJAC0001,086088,1934,06,49.1,Y
IDCJAC0001,086088,1934,07,33.7,Y
IDCJAC0001,086088,1934,08,44.1,Y
IDCJAC0001,086088,1934,09,47.3,Y
IDCJAC0001,086088,1934,10,140.1,Y
IDCJAC0001,086088,1934,11,119.3,Y
IDCJAC0001,086088,1934,12,67.1,Y
IDCJAC0001,086088,1935,01,69.8,Y
IDCJAC0001,086088,1935,02,22.4,Y
IDCJAC0001,086088,1935,03,46.4,Y
IDCJAC0001,086088,1935,04,154.6,Y
IDCJAC0001,086088,1935,05,32.7,Y
IDCJAC0001,086088,1935,06,59.7,Y
IDCJAC0001,086088,1935,07,57.7,Y
IDCJAC0001,086088,1935,08,47.2,Y
IDCJAC0001,086088,1935,09,67.0,Y
IDCJAC0001,086088,1935,10,47.3,Y
IDCJAC0001,086088,1935,11,32.5,Y
IDCJAC0001,086088,1935,12,7.7,Y
IDCJAC0001,086088,1936,01,55.1,Y
IDCJAC0001,086088,1936,02,15.5,Y
IDCJAC0001,086088,1936,03,14.9,Y
IDCJAC0001,086088,1936,04,130.0,Y
IDCJAC0001,086088,1936,05,32.1,Y
IDCJAC0001,086088,1936,06,63.8,Y
IDCJAC0001,086088,1936,07,76.0,Y
IDCJAC0001,086088,1936,08,38.4,Y
IDCJAC0001,086088,1936,09,28.0,Y
IDCJAC0001,086088,1936,10,56.7,Y
IDCJAC0001,086088,1936,11,28.1,Y
IDCJAC0001,086088,1936,12,58.4,Y
IDCJAC0001,086088,1937,01,38.9,Y
IDCJAC0001,086088,1937,02,38.8,Y
IDCJAC0001,086088,1937,03,55.3,Y
IDCJAC0001,086088,1937,04,40.3,Y
IDCJAC0001,086088,1937,05,62.9,Y
IDCJAC0001,086088,1937,06,20.4,Y
IDCJAC0001,086088,1937,07,26.7,Y
IDCJAC0001,086088,1937,08,44.2,Y
IDCJAC0001,086088,1937,09,59.3,Y
IDCJAC0001,086088,1937,10,134.4,Y
IDCJAC0001,086088,1937,11,12.9,Y
IDCJAC0001,086088,1937,12,19.6,Y
IDCJAC0001,086088,1938,01,31.3,Y
IDCJAC0001,086088,1938,02,52.6,Y
IDCJAC0001,086088,1938,03,31.8,Y
IDCJAC0001,086088,1938,04,30.6,Y
IDCJAC0001,086088,1938,05,23.2,Y
IDCJAC0001,086088,1938,06,108.1,Y
IDCJAC0001,086088,1938,07,56.3,Y
IDCJAC0001,086088,1938,08,29.3,Y
IDCJAC0001,086088,1938,09,16.7,Y
IDCJAC0001,086088,1938,10,22.9,Y
IDCJAC0001,086088,1938,11,26.5,Y
IDCJAC0001,086088,1938,12,7.7,Y
IDCJAC0001,086088,1939,01,11.2,Y
IDCJAC0001,086088,1939,02,212.6,Y
IDCJAC0001,086088,1939,03,28.3,Y
IDCJAC0001,086088,1939,04,84.9,Y
IDCJAC0001,086088,1939,05,85.6,Y
IDCJAC0001,086088,1939,06,77.2,Y
IDCJAC0001,086088,1939,07,19.6,Y
IDCJAC0001,086088,1939,08,127.6,Y
IDCJAC0001,086088,1939,09,75.3,Y
IDCJAC0001,086088,1939,10,72.4,Y
IDCJAC0001,086088,1939,11,148.3,Y
IDCJAC0001,086088,1939,12,23.6,Y
IDCJAC0001,086088,1940,01,47.1,Y
IDCJAC0001,086088,1940,02,18.1,Y
IDCJAC0001,086088,1940,03,19.8,Y
IDCJAC0001,086088,1940,04,100.8,Y
IDCJAC0001,086088,1940,05,52.1,Y
IDCJAC0001,086088,1940,06,67.5,Y
IDCJAC0001,086088,1940,07,42.7,Y
IDCJAC0001,086088,1940,08,23.3,Y
IDCJAC0001,086088,1940,09,47.0,Y
IDCJAC0001,086088,1940,10,16.5,Y
IDCJAC0001,086088,1940,11,47.6,Y
IDCJAC0001,086088,1940,12,56.6,Y
IDCJAC0001,086088,1941,01,133.3,Y
IDCJAC0001,086088,1941,02,17.7,Y
IDCJAC0001,086088,1941,03,81.8,Y
IDCJAC0001,086088,1941,04,55.7,Y
IDCJAC0001,086088,1941,05,42.0,Y
IDCJAC0001,086088,1941,06,131.9,Y
IDCJAC0001,086088,1941,07,52.0,Y
IDCJAC0001,086088,1941,08,57.2,Y
IDCJAC0001,086088,1941,09,69.4,Y
IDCJAC0001,086088,1941,10,29.6,Y
IDCJAC0001,086088,1941,11,44.5,Y
IDCJAC0001,086088,1941,12,34.6,Y
IDCJAC0001,086088,1942,01,37.1,Y
IDCJAC0001,086088,1942,02,71.8,Y
IDCJAC0001,086088,1942,03,76.4,Y
IDCJAC0001,086088,1942,04,60.5,Y
IDCJAC0001,086088,1942,05,153.1,Y
IDCJAC0001,086088,1942,06,23.2,Y
IDCJAC0001,086088,1942,07,32.8,Y
IDCJAC0001,086088,1942,08,74.8,Y
IDCJAC0001,086088,1942,09,73.5,Y
IDCJAC0001,086088,1942,10,54.6,Y
IDCJAC0001,086088,1942,11,91.7,Y
IDCJAC0001,086088,1942,12,22.6,Y
IDCJAC0001,086088,1943,01,76.2,Y
IDCJAC0001,086088,1943,02,53.3,Y
IDCJAC0001,086088,1943,03,5.9,Y
IDCJAC0001,086088,1943,04,65.6,Y
IDCJAC0001,086088,1943,05,20.1,Y
IDCJAC0001,086088,1943,06,70.6,Y
IDCJAC0001,086088,1943,07,40.9,Y
IDCJAC0001,086088,1943,08,36.2,Y
IDCJAC0001,086088,1943,09,88.7,Y
IDCJAC0001,086088,1943,10,20.5,Y
IDCJAC0001,086088,1943,11,72.5,Y
IDCJAC0001,086088,1943,12,22.1,Y
IDCJAC0001,086088,1944,01,18.8,Y
IDCJAC0001,086088,1944,02,31.5,Y
IDCJAC0001,086088,1944,03,55.3,Y
IDCJAC0001,086088,1944,04,119.2,Y
IDCJAC0001,086088,1944,05,171.9,Y
IDCJAC0001,086088,1944,06,33.8,Y
IDCJAC0001,086088,1944,07,53.2,Y
IDCJAC0001,086088,1944,08,18.1,Y
IDCJAC0001,086088,1944,09,63.3,Y
IDCJAC0001,086088,1944,10,58.3,Y
IDCJAC0001,086088,1944,11,34.9,Y
IDCJAC0001,086088,1944,12,74.7,Y
IDCJAC0001,086088,1945,01,64.8,Y
IDCJAC0001,086088,1945,02,14.4,Y
IDCJAC0001,086088,1945,03,4.5,Y
IDCJAC0001,086088,1945,04,23.6,Y
IDCJAC0001,086088,1945,05,60.3,Y
IDCJAC0001,086088,1945,06,43.4,Y
IDCJAC0001,086088,1945,07,74.5,Y
IDCJAC0001,086088,1945,08,27.7,Y
IDCJAC0001,086088,1945,09,26.5,Y
IDCJAC0001,086088,1945,10,29.5,Y
IDCJAC0001,086088,1945,11,63.0,Y
IDCJAC0001,086088,1945,12,21.3,Y
IDCJAC0001,086088,1946,01,39.6,Y
IDCJAC0001,086088,1946,02,131.5,Y
IDCJAC0001,086088,1946,03,63.0,Y
IDCJAC0001,086088,1946,04,68.9,Y
IDCJAC0001,086088,1946,05,14.8,Y
IDCJAC0001,086088,1946,06,79.8,Y
IDCJAC0001,086088,1946,07,54.8,Y
IDCJAC0001,086088,1946,08,27.6,Y
IDCJAC0001,086088,1946,09,70.6,Y
IDCJAC0001,086088,1946,10,64.5,Y
IDCJAC0001,086088,1946,11,38.4,Y
IDCJAC0001,086088,1946,12,76.7,Y
IDCJAC0001,086088,1947,01,21.6,Y
IDCJAC0001,086088,1947,02,20.3,Y
IDCJAC0001,086088,1947,03,105.5,Y
IDCJAC0001,086088,1947,04,65.8,Y
IDCJAC0001,086088,1947,05,23.0,Y
IDCJAC0001,086088,1947,06,32.9,Y
IDCJAC0001,086088,1947,07,82.6,Y
IDCJAC0001,086088,1947,08,51.5,Y
IDCJAC0001,086088,1947,09,44.1,Y
IDCJAC0001,086088,1947,10,104.0,Y
IDCJAC0001,086088,1947,11,56.9,Y
IDCJAC0001,086088,1947,12,86.8,Y
IDCJAC0001,086088,1948,01,20.0,Y
IDCJAC0001,086088,1948,02,44.3,Y
IDCJAC0001,086088,1948,03,7.8,Y
IDCJAC0001,086088,1948,04,100.0,Y
IDCJAC0001,086088,1948,05,69.2,Y
IDCJAC0001,086088,1948,06,41.8,Y
IDCJAC0001,086088,1948,07,26.6,Y
IDCJAC0001,086088,1948,08,22.1,Y
IDCJAC0001,086088,1948,09,46.7,Y
IDCJAC0001,086088,1948,10,103.2,Y
IDCJAC0001,086088,1948,11,24.2,Y
IDCJAC0001,086088,1948,12,34.4,Y
IDCJAC0001,086088,1949,01,46.7,Y
IDCJAC0001,086088,1949,02,39.9,Y
IDCJAC0001,086088,1949,03,145.2,Y
IDCJAC0001,086088,1949,04,50.9,Y
IDCJAC0001,086088,1949,05,80.0,Y
IDCJAC0001,086088,1949,06,49.8,Y
IDCJAC0001,086088,1949,07,55.9,Y
IDCJAC0001,086088,1949,08,24.6,Y
IDCJAC0001,086088,1949,09,47.4,Y
IDCJAC0001,086088,1949,10,128.2,Y
IDCJAC0001,086088,1949,11,134.0,Y
IDCJAC0001,086088,1949,12,36.8,Y
IDCJAC0001,086088,1950,01,9.9,Y
IDCJAC0001,086088,1950,02,71.7,Y
IDCJAC0001,086088,1950,03,57.4,Y
IDCJAC0001,086088,1950,04,40.2,Y
IDCJAC0001,086088,1950,05,45.0,Y
IDCJAC0001,086088,1950,06,23.7,Y
IDCJAC0001,086088,1950,07,44.2,Y
IDCJAC0001,086088,1950,08,27.7,Y
IDCJAC0001,086088,1950,09,68.8,Y
IDCJAC0001,086088,1950,10,73.5,Y
IDCJAC0001,086088,1950,11,68.4,Y
IDCJAC0001,086088,1950,12,63.5,Y
IDCJAC0001,086088,1951,01,39.4,Y
IDCJAC0001,086088,1951,02,82.3,Y
IDCJAC0001,086088,1951,03,2.0,Y
IDCJAC0001,086088,1951,04,108.2,Y
IDCJAC0001,086088,1951,05,103.0,Y
IDCJAC0001,086088,1951,06,72.2,Y
IDCJAC0001,086088,1951,07,87.4,Y
IDCJAC0001,086088,1951,08,68.2,Y
IDCJAC0001,086088,1951,09,53.5,Y
IDCJAC0001,086088,1951,10,56.3,Y
IDCJAC0001,086088,1951,11,57.6,Y
IDCJAC0001,086088,1951,12,53.5,Y
IDCJAC0001,086088,1952,01,21.3,Y
IDCJAC0001,086088,1952,02,40.1,Y
IDCJAC0001,086088,1952,03,42.3,Y
IDCJAC0001,086088,1952,04,79.7,Y
IDCJAC0001,086088,1952,05,81.5,Y
IDCJAC0001,086088,1952,06,75.3,Y
IDCJAC0001,086088,1952,07,149.9,Y
IDCJAC0001,086088,1952,08,65.3,Y
IDCJAC0001,086088,1952,09,74.1,Y
IDCJAC0001,086088,1952,10,67.8,Y
IDCJAC0001,086088,1952,11,131.1,Y
IDCJAC0001,086088,1952,12,79.0,Y
IDCJAC0001,086088,1953,01,67.1,Y
IDCJAC0001,086088,1953,02,47.7,Y
IDCJAC0001,086088,1953,03,12.4,Y
IDCJAC0001,086088,1953,04,34.6,Y
IDCJAC0001,086088,1953,05,69.1,Y
IDCJAC0001,086088,1953,06,44.6,Y
IDCJAC0001,086088,1953,07,33.9,Y
IDCJAC0001,086088,1953,08,50.2,Y
IDCJAC0001,086088,1953,09,89.9,Y
IDCJAC0001,086088,1953,10,95.6,Y
IDCJAC0001,086088,1953,11,73.6,Y
IDCJAC0001,086088,1953,12,26.7,Y
IDCJAC0001,086088,1954,01,28.4,Y
IDCJAC0001,086088,1954,02,44.5,Y
IDCJAC0001,086088,1954,03,13.7,Y
IDCJAC0001,086088,1954,04,49.4,Y
IDCJAC0001,086088,1954,05,50.3,Y
IDCJAC0001,086088,1954,06,53.5,Y
IDCJAC0001,086088,1954,07,41.9,Y
IDCJAC0001,086088,1954,08,59.4,Y
IDCJAC0001,086088,1954,09,45.4,Y
IDCJAC0001,086088,1954,10,64.1,Y
IDCJAC0001,086088,1954,11,125.2,Y
IDCJAC0001,086088,1954,12,117.2,Y
IDCJAC0001,086088,1955,01,15.2,Y
IDCJAC0001,086088,1955,02,93.0,Y
IDCJAC0001,086088,1955,03,54.5,Y
IDCJAC0001,086088,1955,04,49.8,Y
IDCJAC0001,086088,1955,05,88.1,Y
IDCJAC0001,086088,1955,06,77.4,Y
IDCJAC0001,086088,1955,07,72.4,Y
IDCJAC0001,086088,1955,08,89.3,Y
IDCJAC0001,086088,1955,09,89.2,Y
IDCJAC0001,086088,1955,10,84.3,Y
IDCJAC0001,086088,1955,11,68.3,Y
IDCJAC0001,086088,1955,12,134.2,Y
IDCJAC0001,086088,1956,01,121.7,Y
IDCJAC0001,086088,1956,02,0.0,Y
IDCJAC0001,086088,1956,03,65.4,Y
IDCJAC0001,086088,1956,04,76.5,Y
IDCJAC0001,086088,1956,05,128.0,Y
IDCJAC0001,086088,1956,06,54.9,Y
IDCJAC0001,086088,1956,07,69.6,Y
IDCJAC0001,086088,1956,08,82.4,Y
IDCJAC0001,086088,1956,09,90.9,Y
IDCJAC0001,086088,1956,10,120.5,Y
IDCJAC0001,086088,1956,11,94.9,Y
IDCJAC0001,086088,1956,12,48.5,Y
IDCJAC0001,086088,1957,01,9.1,Y
IDCJAC0001,086088,1957,02,23.3,Y
IDCJAC0001,086088,1957,03,54.4,Y
IDCJAC0001,086088,1957,04,39.5,Y
IDCJAC0001,086088,1957,05,73.8,Y
IDCJAC0001,086088,1957,06,48.0,Y
IDCJAC0001,086088,1957,07,87.9,Y
IDCJAC0001,086088,1957,08,49.5,Y
IDCJAC0001,086088,1957,09,114.5,Y
IDCJAC0001,086088,1957,10,87.6,Y
IDCJAC0001,086088,1957,11,89.1,Y
IDCJAC0001,086088,1957,12,36.9,Y
IDCJAC0001,086088,1958,01,19.2,Y
IDCJAC0001,086088,1958,02,68.4,Y
IDCJAC0001,086088,1958,03,24.0,Y
IDCJAC0001,086088,1958,04,20.5,Y
IDCJAC0001,086088,1958,05,114.1,Y
IDCJAC0001,086088,1958,06,34.9,Y
IDCJAC0001,086088,1958,07,76.7,Y
IDCJAC0001,086088,1958,08,123.6,Y
IDCJAC0001,086088,1958,09,102.0,Y
IDCJAC0001,086088,1958,10,136.1,Y
IDCJAC0001,086088,1958,11,97.6,Y
IDCJAC0001,086088,1958,12,46.9,Y
IDCJAC0001,086088,1959,01,12.0,Y
IDCJAC0001,086088,1959,02,30.1,Y
IDCJAC0001,086088,1959,03,85.1,Y
IDCJAC0001,086088,1959,04,24.1,Y
IDCJAC0001,086088,1959,05,67.2,Y
IDCJAC0001,086088,1959,06,88.5,Y
IDCJAC0001,086088,1959,07,77.0,Y
IDCJAC0001,086088,1959,08,76.7,Y
IDCJAC0001,086088,1959,09,155.8,Y
IDCJAC0001,086088,1959,10,96.9,Y
IDCJAC0001,086088,1959,11,36.3,Y
IDCJAC0001,086088,1959,12,100.4,Y
IDCJAC0001,086088,1960,01,51.3,Y
IDCJAC0001,086088,1960,02,64.3,Y
IDCJAC0001,086088,1960,03,13.0,Y
IDCJAC0001,086088,1960,04,171.7,Y
IDCJAC0001,086088,1960,05,166.8,Y
IDCJAC0001,086088,1960,06,43.0,Y
IDCJAC0001,086088,1960,07,102.7,Y
IDCJAC0001,086088,1960,08,101.1,Y
IDCJAC0001,086088,1960,09,134.5,Y
IDCJAC0001,086088,1960,10,57.0,Y
IDCJAC0001,086088,1960,11,127.9,Y
IDCJAC0001,086088,1960,12,18.4,Y
IDCJAC0001,086088,1961,01,21.8,Y
IDCJAC0001,086088,1961,02,30.3,Y
IDCJAC0001,086088,1961,03,57.1,Y
IDCJAC0001,086088,1961,04,96.9,Y
IDCJAC0001,086088,1961,05,84.4,Y
IDCJAC0001,086088,1961,06,79.4,Y
IDCJAC0001,086088,1961,07,71.9,Y
IDCJAC0001,086088,1961,08,103.0,Y
IDCJAC0001,086088,1961,09,49.0,Y
IDCJAC0001,086088,1961,10,55.3,Y
IDCJAC0001,086088,1961,11,15.9,Y
IDCJAC0001,086088,1961,12,51.3,Y
IDCJAC0001,086088,1962,01,65.8,Y
IDCJAC0001,086088,1962,02,36.1,Y
IDCJAC0001,086088,1962,03,21.1,Y
IDCJAC0001,086088,1962,04,28.5,Y
IDCJAC0001,086088,1962,05,161.8,Y
IDCJAC0001,086088,1962,06,66.9,Y
IDCJAC0001,086088,1962,07,64.1,Y
IDCJAC0001,086088,1962,08,70.1,Y
IDCJAC0001,086088,1962,09,56.9,Y
IDCJAC0001,086088,1962,10,104.6,Y
IDCJAC0001,086088,1962,11,23.1,Y
IDCJAC0001,086088,1962,12,36.4,Y
IDCJAC0001,086088,1963,01,151.6,Y
IDCJAC0001,086088,1963,02,30.0,Y
IDCJAC0001,086088,1963,03,48.6,Y
IDCJAC0001,086088,1963,04,9.2,Y
IDCJAC0001,086088,1963,05,89.4,Y
IDCJAC0001,086088,1963,06,51.2,Y
IDCJAC0001,086088,1963,07,108.7,Y
IDCJAC0001,086088,1963,08,55.9,Y
IDCJAC0001,086088,1963,09,99.2,Y
IDCJAC0001,086088,1963,10,98.4,Y
IDCJAC0001,086088,1963,11,22.5,Y
IDCJAC0001,086088,1963,12,23.2,Y
IDCJAC0001,086088,1964,01,1.3,Y
IDCJAC0001,086088,1964,02,125.9,Y
IDCJAC0001,086088,1964,03,35.2,Y
IDCJAC0001,086088,1964,04,85.8,Y
IDCJAC0001,086088,1964,05,89.9,Y
IDCJAC0001,086088,1964,06,47.3,Y
IDCJAC0001,086088,1964,07,89.8,Y
IDCJAC0001,086088,1964,08,91.0,Y
IDCJAC0001,086088,1964,09,98.7,Y
IDCJAC0001,086088,1964,10,100.2,Y
IDCJAC0001,086088,1964,11,58.5,Y
IDCJAC0001,086088,1964,12,122.8,Y
IDCJAC0001,086088,1965,01,18.2,Y
IDCJAC0001,086088,1965,02,4.6,Y
IDCJAC0001,086088,1965,03,27.4,Y
IDCJAC0001,086088,1965,04,114.6,Y
IDCJAC0001,086088,1965,05,75.8,Y
IDCJAC0001,086088,1965,06,27.4,Y
IDCJAC0001,086088,1965,07,87.9,Y
IDCJAC0001,086088,1965,08,97.7,Y
IDCJAC0001,086088,1965,09,50.5,Y
IDCJAC0001,086088,1965,10,31.5,Y
IDCJAC0001,086088,1965,11,63.4,Y
IDCJAC0001,086088,1965,12,80.2,Y
IDCJAC0001,086088,1966,01,49.6,Y
IDCJAC0001,086088,1966,02,45.5,Y
IDCJAC0001,086088,1966,03,79.1,Y
IDCJAC0001,086088,1966,04,41.1,Y
IDCJAC0001,086088,1966,05,62.1,Y
IDCJAC0001,086088,1966,06,39.8,Y
IDCJAC0001,086088,1966,07,75.6,Y
IDCJAC0001,086088,1966,08,76.7,Y
IDCJAC0001,086088,1966,09,68.0,Y
IDCJAC0001,086088,1966,10,72.3,Y
IDCJAC0001,086088,1966,11,50.5,Y
IDCJAC0001,086088,1966,12,103.6,Y
IDCJAC0001,086088,1967,01,19.9,Y
IDCJAC0001,086088,1967,02,7.6,Y
IDCJAC0001,086088,1967,03,21.3,Y
IDCJAC0001,086088,1967,04,21.1,Y
IDCJAC0001,086088,1967,05,46.6,Y
IDCJAC0001,086088,1967,06,59.8,Y
IDCJAC0001,086088,1967,07,30.6,Y
IDCJAC0001,086088,1967,08,65.2,Y
IDCJAC0001,086088,1967,09,62.9,Y
IDCJAC0001,086088,1967,10,23.6,Y
IDCJAC0001,086088,1967,11,21.9,Y
IDCJAC0001,086088,1967,12,42.7,Y
IDCJAC0001,086088,1968,01,31.5,Y
IDCJAC0001,086088,1968,02,4.8,Y
IDCJAC0001,086088,1968,03,21.2,Y
IDCJAC0001,086088,1968,04,72.0,Y
IDCJAC0001,086088,1968,05,96.5,Y
IDCJAC0001,086088,1968,06,72.8,Y
IDCJAC0001,086088,1968,07,52.2,Y
IDCJAC0001,086088,1968,08,45.1,Y
IDCJAC0001,086088,1968,09,28.2,Y
IDCJAC0001,086088,1968,10,51.0,Y
IDCJAC0001,086088,1968,11,66.2,Y
IDCJAC0001,086088,1968,12,56.2,Y
IDCJAC0001,086088,1969,01,28.5,Y
IDCJAC0001,086088,1969,02,109.6,Y
IDCJAC0001,086088,1969,03,69.8,Y
IDCJAC0001,086088,1969,04,36.6,Y
IDCJAC0001,086088,1969,05,110.9,Y
IDCJAC0001,086088,1969,06,17.7,Y
IDCJAC0001,086088,1969,07,56.7,Y
IDCJAC0001,086088,1969,08,42.6,Y
IDCJAC0001,086088,1969,09,95.6,Y
IDCJAC0001,086088,1969,10,30.3,Y
IDCJAC0001,086088,1969,11,49.3,Y
IDCJAC0001,086088,1969,12,50.6,Y
IDCJAC0001,086088,1970,01,131.5,Y
IDCJAC0001,086088,1970,02,19.3,Y
IDCJAC0001,086088,1970,03,141.0,Y
IDCJAC0001,086088,1970,04,102.5,Y
IDCJAC0001,086088,1970,05,136.3,Y
IDCJAC0001,086088,1970,06,64.8,Y
IDCJAC0001,086088,1970,07,37.3,Y
IDCJAC0001,086088,1970,08,89.3,Y
IDCJAC0001,086088,1970,09,38.4,Y
IDCJAC0001,086088,1970,10,61.0,Y
IDCJAC0001,086088,1970,11,74.8,Y
IDCJAC0001,086088,1970,12,144.0,Y
IDCJAC0001,086088,1971,01,68.6,Y
IDCJAC0001,086088,1971,02,66.8,Y
IDCJAC0001,086088,1971,03,29.0,Y
IDCJAC0001,086088,1971,04,69.3,Y
IDCJAC0001,086088,1971,05,103.0,Y
IDCJAC0001,086088,1971,06,68.3,Y
IDCJAC0001,086088,1971,07,42.2,Y
IDCJAC0001,086088,1971,08,57.7,Y
IDCJAC0001,086088,1971,09,60.1,Y
IDCJAC0001,086088,1971,10,109.5,Y
IDCJAC0001,086088,1971,11,131.1,Y
IDCJAC0001,086088,1971,12,86.3,Y
IDCJAC0001,086088,1972,01,51.3,Y
IDCJAC0001,086088,1972,02,175.7,Y
IDCJAC0001,086088,1972,03,16.4,Y
IDCJAC0001,086088,1972,04,93.7,Y
IDCJAC0001,086088,1972,05,37.6,Y
IDCJAC0001,086088,1972,06,14.8,Y
IDCJAC0001,086088,1972,07,49.6,Y
IDCJAC0001,086088,1972,08,44.5,Y
IDCJAC0001,086088,1972,09,36.1,Y
IDCJAC0001,086088,1972,10,46.2,Y
IDCJAC0001,086088,1972,11,43.8,Y
IDCJAC0001,086088,1972,12,6.7,Y
IDCJAC0001,086088,1973,01,66.3,Y
IDCJAC0001,086088,1973,02,167.9,Y
IDCJAC0001,086088,1973,03,85.4,Y
IDCJAC0001,086088,1973,04,58.0,Y
IDCJAC0001,086088,1973,05,84.0,Y
IDCJAC0001,086088,1973,06,59.7,Y
IDCJAC0001,086088,1973,07,47.9,Y
IDCJAC0001,086088,1973,08,72.7,Y
IDCJAC0001,086088,1973,09,55.4,Y
IDCJAC0001,086088,1973,10,101.7,Y
IDCJAC0001,086088,1973,11,49.8,Y
IDCJAC0001,086088,1973,12,66.1,Y
IDCJAC0001,086088,1974,01,66.7,Y
IDCJAC0001,086088,1974,02,33.8,Y
IDCJAC0001,086088,1974,03,70.6,Y
IDCJAC0001,086088,1974,04,127.6,Y
IDCJAC0001,086088,1974,05,129.0,Y
IDCJAC0001,086088,1974,06,15.1,Y
IDCJAC0001,086088,1974,07,92.8,Y
IDCJAC0001,086088,1974,08,100.7,Y
IDCJAC0001,086088,1974,09,94.1,Y
IDCJAC0001,086088,1974,10,97.9,Y
IDCJAC0001,086088,1974,11,82.7,Y
IDCJAC0001,086088,1974,12,79.9,Y
IDCJAC0001,086088,1975,01,26.0,Y
IDCJAC0001,086088,1975,02,9.6,Y
IDCJAC0001,086088,1975,03,44.1,Y
IDCJAC0001,086088,1975,04,26.8,Y
IDCJAC0001,086088,1975,05,65.8,Y
IDCJAC0001,086088,1975,06,42.5,Y
IDCJAC0001,086088,1975,07,57.4,Y
IDCJAC0001,086088,1975,08,119.4,Y
IDCJAC0001,086088,1975,09,113.7,Y
IDCJAC0001,086088,1975,10,164.3,Y
IDCJAC0001,086088,1975,11,68.6,Y
IDCJAC0001,086088,1975,12,56.0,Y
IDCJAC0001,086088,1976,01,24.5,Y
IDCJAC0001,086088,1976,02,14.4,Y
IDCJAC0001,086088,1976,03,39.6,Y
IDCJAC0001,086088,1976,04,42.8,Y
IDCJAC0001,086088,1976,05,39.8,Y
IDCJAC0001,086088,1976,06,39.8,Y
IDCJAC0001,086088,1976,07,15.2,Y
IDCJAC0001,086088,1976,08,83.4,Y
IDCJAC0001,086088,1976,09,82.6,Y
IDCJAC0001,086088,1976,10,79.8,Y
IDCJAC0001,086088,1976,11,105.6,Y
IDCJAC0001,086088,1976,12,60.5,Y
IDCJAC0001,086088,1977,01,49.8,Y
IDCJAC0001,086088,1977,02,35.8,Y
IDCJAC0001,086088,1977,03,28.8,Y
IDCJAC0001,086088,1977,04,59.6,Y
IDCJAC0001,086088,1977,05,71.7,Y
IDCJAC0001,086088,1977,06,157.6,Y
IDCJAC0001,086088,1977,07,61.0,Y
IDCJAC0001,086088,1977,08,31.8,Y
IDCJAC0001,086088,1977,09,59.2,Y
IDCJAC0001,086088,1977,10,54.5,Y
IDCJAC0001,086088,1977,11,38.6,Y
IDCJAC0001,086088,1977,12,39.4,Y
IDCJAC0001,086088,1978,01,57.2,Y
IDCJAC0001,086088,1978,02,64.2,Y
IDCJAC0001,086088,1978,03,105.6,Y
IDCJAC0001,086088,1978,04,51.9,Y
IDCJAC0001,086088,1978,05,94.4,Y
IDCJAC0001,086088,1978,06,32.9,Y
IDCJAC0001,086088,1978,07,76.7,Y
IDCJAC0001,086088,1978,08,102.9,Y
IDCJAC0001,086088,1978,09,75.8,Y
IDCJAC0001,086088,1978,10,69.0,Y
IDCJAC0001,086088,1978,11,117.6,Y
IDCJAC0001,086088,1978,12,98.4,Y
IDCJAC0001,086088,1979,01,42.2,Y
IDCJAC0001,086088,1979,02,53.6,Y
IDCJAC0001,086088,1979,03,32.7,Y
IDCJAC0001,086088,1979,04,52.9,Y
IDCJAC0001,086088,1979,05,104.3,Y
IDCJAC0001,086088,1979,06,24.6,Y
IDCJAC0001,086088,1979,07,26.6,Y
IDCJAC0001,086088,1979,08,87.3,Y
IDCJAC0001,086088,1979,09,97.8,Y
IDCJAC0001,086088,1979,10,97.2,Y
IDCJAC0001,086088,1979,11,31.4,Y
IDCJAC0001,086088,1979,12,18.5,Y
IDCJAC0001,086088,1980,01,48.8,Y
IDCJAC0001,086088,1980,02,11.0,Y
IDCJAC0001,086088,1980,03,14.6,Y
IDCJAC0001,086088,1980,04,83.4,Y
IDCJAC0001,086088,1980,05,57.5,Y
IDCJAC0001,086088,1980,06,76.2,Y
IDCJAC0001,086088,1980,07,66.3,Y
IDCJAC0001,086088,1980,08,51.9,Y
IDCJAC0001,086088,1980,09,29.0,Y
IDCJAC0001,086088,1980,10,117.7,Y
IDCJAC0001,086088,1980,11,63.9,Y
IDCJAC0001,086088,1980,12,56.8,Y
IDCJAC0001,086088,1981,01,52.2,Y
IDCJAC0001,086088,1981,02,17.4,Y
IDCJAC0001,086088,1981,03,68.2,Y
IDCJAC0001,086088,1981,04,22.2,Y
IDCJAC0001,086088,1981,05,110.2,Y
IDCJAC0001,086088,1981,06,61.8,Y
IDCJAC0001,086088,1981,07,85.1,Y
IDCJAC0001,086088,1981,08,100.8,Y
IDCJAC0001,086088,1981,09,22.4,Y
IDCJAC0001,086088,1981,10,76.1,Y
IDCJAC0001,086088,1981,11,97.1,Y
IDCJAC0001,086088,1981,12,51.4,Y
IDCJAC0001,086088,1982,01,55.2,Y
IDCJAC0001,086088,1982,02,8.0,Y
IDCJAC0001,086088,1982,03,85.9,Y
IDCJAC0001,086088,1982,04,73.6,Y
IDCJAC0001,086088,1982,05,56.9,Y
IDCJAC0001,086088,1982,06,47.6,Y
IDCJAC0001,086088,1982,07,19.4,Y
IDCJAC0001,086088,1982,08,38.2,Y
IDCJAC0001,086088,1982,09,56.9,Y
IDCJAC0001,086088,1982,10,56.0,Y
IDCJAC0001,086088,1982,11,18.2,Y
IDCJAC0001,086088,1982,12,42.2,Y
IDCJAC0001,086088,1983,01,50.6,Y
IDCJAC0001,086088,1983,02,7.6,Y
IDCJAC0001,086088,1983,03,69.4,Y
IDCJAC0001,086088,1983,04,42.8,Y
IDCJAC0001,086088,1983,05,75.4,Y
IDCJAC0001,086088,1983,06,55.4,Y
IDCJAC0001,086088,1983,07,72.8,Y
IDCJAC0001,086088,1983,08,80.0,Y
IDCJAC0001,086088,1983,09,91.8,Y
IDCJAC0001,086088,1983,10,107.6,Y
IDCJAC0001,086088,1983,11,104.9,Y
IDCJAC0001,086088,1983,12,18.6,Y
IDCJAC0001,086088,1984,01,90.7,Y
IDCJAC0001,086088,1984,02,45.2,Y
IDCJAC0001,086088,1984,03,60.2,Y
IDCJAC0001,086088,1984,04,66.0,Y
IDCJAC0001,086088,1984,05,28.2,Y
IDCJAC0001,086088,1984,06,37.2,Y
IDCJAC0001,086088,1984,07,64.8,Y
IDCJAC0001,086088,1984,08,79.0,Y
IDCJAC0001,086088,1984,09,133.5,Y
IDCJAC0001,086088,1984,10,59.0,Y
IDCJAC0001,086088,1984,11,49.4,Y
IDCJAC0001,086088,1984,12,52.1,Y
IDCJAC0001,086088,1985,01,16.0,Y
IDCJAC0001,086088,1985,02,9.6,Y
IDCJAC0001,086088,1985,03,48.4,Y
IDCJAC0001,086088,1985,04,83.0,Y
IDCJAC0001,086088,1985,05,59.0,Y
IDCJAC0001,086088,1985,06,71.0,Y
IDCJAC0001,086088,1985,07,55.7,Y
IDCJAC0001,086088,1985,08,92.3,Y
IDCJAC0001,086088,1985,09,40.3,Y
IDCJAC0001,086088,1985,10,68.1,Y
IDCJAC0001,086088,1985,11,70.8,Y
IDCJAC0001,086088,1985,12,125.4,Y
IDCJAC0001,086088,1986,01,22.1,Y
IDCJAC0001,086088,1986,02,16.6,Y
IDCJAC0001,086088,1986,03,17.1,Y
IDCJAC0001,086088,1986,04,74.2,Y
IDCJAC0001,086088,1986,05,93.2,Y
IDCJAC0001,086088,1986,06,42.2,Y
IDCJAC0001,086088,1986,07,107.6,Y
IDCJAC0001,086088,1986,08,52.6,Y
IDCJAC0001,086088,1986,09,43.5,Y
IDCJAC0001,086088,1986,10,83.8,Y
IDCJAC0001,086088,1986,11,34.4,Y
IDCJAC0001,086088,1986,12,82.2,Y
IDCJAC0001,086088,1987,01,37.2,Y
IDCJAC0001,086088,1987,02,50.8,Y
IDCJAC0001,086088,1987,03,64.4,Y
IDCJAC0001,086088,1987,04,40.4,Y
IDCJAC0001,086088,1987,05,111.7,Y
IDCJAC0001,086088,1987,06,70.9,Y
IDCJAC0001,086088,1987,07,82.0,Y
IDCJAC0001,086088,1987,08,30.4,Y
IDCJAC0001,086088,1987,09,46.8,Y
IDCJAC0001,086088,1987,10,66.4,Y
IDCJAC0001,086088,1987,11,79.4,Y
IDCJAC0001,086088,1987,12,78.6,Y
IDCJAC0001,086088,1988,01,47.3,Y
IDCJAC0001,086088,1988,02,17.0,Y
IDCJAC0001,086088,1988,03,33.0,Y
IDCJAC0001,086088,1988,04,18.2,Y
IDCJAC0001,086088,1988,05,78.8,Y
IDCJAC0001,086088,1988,06,73.6,Y
IDCJAC0001,086088,1988,07,66.4,Y
IDCJAC0001,086088,1988,08,58.6,Y
IDCJAC0001,086088,1988,09,62.2,Y
IDCJAC0001,086088,1988,10,47.8,Y
IDCJAC0001,086088,1988,11,152.8,Y
IDCJAC0001,086088,1988,12,76.6,Y
IDCJAC0001,086088,1989,01,42.0,Y
IDCJAC0001,086088,1989,02,22.4,Y
IDCJAC0001,086088,1989,03,82.1,Y
IDCJAC0001,086088,1989,04,94.3,Y
IDCJAC0001,086088,1989,05,68.6,Y
IDCJAC0001,086088,1989,06,89.4,Y
IDCJAC0001,086088,1989,07,63.3,Y
IDCJAC0001,086088,1989,08,112.6,Y
IDCJAC0001,086088,1989,09,57.4,Y
IDCJAC0001,086088,1989,10,104.4,Y
IDCJAC0001,086088,1989,11,38.0,Y
IDCJAC0001,086088,1989,12,52.6,Y
IDCJAC0001,086088,1990,01,5.9,Y
IDCJAC0001,086088,1990,02,82.7,Y
IDCJAC0001,086088,1990,03,27.9,Y
IDCJAC0001,086088,1990,04,76.2,Y
IDCJAC0001,086088,1990,05,39.6,Y
IDCJAC0001,086088,1990,06,58.9,Y
IDCJAC0001,086088,1990,07,111.0,Y
IDCJAC0001,086088,1990,08,114.7,Y
IDCJAC0001,086088,1990,09,62.5,Y
IDCJAC0001,086088,1990,10,133.8,Y
IDCJAC0001,086088,1990,11,44.2,Y
IDCJAC0001,086088,1990,12,34.2,Y
IDCJAC0001,086088,1991,01,129.2,Y
IDCJAC0001,086088,1991,02,4.2,Y
IDCJAC0001,086088,1991,03,76.8,Y
IDCJAC0001,086088,1991,04,38.4,Y
IDCJAC0001,086088,1991,05,34.4,Y
IDCJAC0001,086088,1991,06,145.0,Y
IDCJAC0001,086088,1991,07,100.8,Y
IDCJAC0001,086088,1991,08,81.8,Y
IDCJAC0001,086088,1991,09,119.8,Y
IDCJAC0001,086088,1991,10,28.2,Y
IDCJAC0001,086088,1991,11,36.9,Y
IDCJAC0001,086088,1991,12,142.0,Y
IDCJAC0001,086088,1992,01,60.4,Y
IDCJAC0001,086088,1992,02,28.6,Y
IDCJAC0001,086088,1992,03,38.4,Y
IDCJAC0001,086088,1992,04,82.6,Y
IDCJAC0001,086088,1992,05,106.4,Y
IDCJAC0001,086088,1992,06,58.2,Y
IDCJAC0001,086088,1992,07,50.9,Y
IDCJAC0001,086088,1992,08,68.4,Y
IDCJAC0001,086088,1992,09,162.8,Y
IDCJAC0001,086088,1992,10,123.0,Y
IDCJAC0001,086088,1992,11,151.6,Y
IDCJAC0001,086088,1992,12,102.2,Y
IDCJAC0001,086088,1993,01,128.0,Y
IDCJAC0001,086088,1993,02,96.4,Y
IDCJAC0001,086088,1993,03,44.4,Y
IDCJAC0001,086088,1993,04,23.0,Y
IDCJAC0001,086088,1993,05,46.1,Y
IDCJAC0001,086088,1993,06,68.4,Y
IDCJAC0001,086088,1993,07,52.2,Y
IDCJAC0001,086088,1993,08,81.6,Y
IDCJAC0001,086088,1993,09,159.4,Y
IDCJAC0001,086088,1993,10,91.0,Y
IDCJAC0001,086088,1993,11,93.1,Y
IDCJAC0001,086088,1993,12,188.8,Y
IDCJAC0001,086088,1994,01,53.4,Y
IDCJAC0001,086088,1994,02,116.4,Y
IDCJAC0001,086088,1994,03,55.2,Y
IDCJAC0001,086088,1994,04,64.8,Y
IDCJAC0001,086088,1994,05,35.6,Y
IDCJAC0001,086088,1994,06,48.2,Y
IDCJAC0001,086088,1994,07,27.2,Y
IDCJAC0001,086088,1994,08,22.2,Y
IDCJAC0001,086088,1994,09,60.2,Y
IDCJAC0001,086088,1994,10,37.8,Y
IDCJAC0001,086088,1994,11,61.1,Y
IDCJAC0001,086088,1994,12,16.0,Y
IDCJAC0001,086088,1995,01,100.2,Y
IDCJAC0001,086088,1995,02,21.8,Y
IDCJAC0001,086088,1995,03,106.4,Y
IDCJAC0001,086088,1995,04,110.3,Y
IDCJAC0001,086088,1995,05,94.0,Y
IDCJAC0001,086088,1995,06,112.3,Y
IDCJAC0001,086088,1995,07,99.0,Y
IDCJAC0001,086088,1995,08,66.6,Y
IDCJAC0001,086088,1995,09,61.2,Y
IDCJAC0001,086088,1995,10,101.0,Y
IDCJAC0001,086088,1995,11,68.4,Y
IDCJAC0001,086088,1995,12,45.8,Y
IDCJAC0001,086088,1996,01,143.6,Y
IDCJAC0001,086088,1996,02,114.4,Y
IDCJAC0001,086088,1996,03,61.7,Y
IDCJAC0001,086088,1996,04,126.0,Y
IDCJAC0001,086088,1996,05,35.8,Y
IDCJAC0001,086088,1996,06,96.2,Y
IDCJAC0001,086088,1996,07,122.0,Y
IDCJAC0001,086088,1996,08,60.4,Y
IDCJAC0001,086088,1996,09,95.1,Y
IDCJAC0001,086088,1996,10,62.4,Y
IDCJAC0001,086088,1996,11,71.4,Y
IDCJAC0001,086088,1996,12,22.8,Y
IDCJAC0001,086088,1997,01,38.2,Y
IDCJAC0001,086088,1997,02,2.2,Y
IDCJAC0001,086088,1997,03,40.6,Y
IDCJAC0001,086088,1997,04,28.0,Y
IDCJAC0001,086088,1997,05,99.2,Y
IDCJAC0001,086088,1997,06,45.0,Y
IDCJAC0001,086088,1997,07,29.3,Y
IDCJAC0001,086088,1997,08,55.2,Y
IDCJAC0001,086088,1997,09,59.4,N
IDCJAC0001,086088,1997,10,39.6,Y
IDCJAC0001,086088,1997,11,73.0,Y
IDCJAC0001,086088,1997,12,6.0,Y
IDCJAC0001,086088,1998,01,80.8,Y
IDCJAC0001,086088,1998,02,75.2,Y
IDCJAC0001,086088,1998,03,26.8,Y
IDCJAC0001,086088,1998,04,78.5,Y
IDCJAC0001,086088,1998,05,57.2,Y
IDCJAC0001,086088,1998,06,100.2,Y
IDCJAC0001,086088,1998,07,54.0,Y
IDCJAC0001,086088,1998,08,33.4,Y
IDCJAC0001,086088,1998,09,59.4,Y
IDCJAC0001,086088,1998,10,116.4,Y
IDCJAC0001,086088,1998,11,95.8,Y
IDCJAC0001,086088,1998,12,66.4,Y
IDCJAC0001,086088,1999,01,33.0,Y
IDCJAC0001,086088,1999,02,51.0,Y
IDCJAC0001,086088,1999,03,76.6,Y
IDCJAC0001,086088,1999,04,26.0,Y
IDCJAC0001,086088,1999,05,89.4,Y
IDCJAC0001,086088,1999,06,69.7,Y
IDCJAC0001,086088,1999,08,111.4,Y
IDCJAC0001,086088,1999,09,45.5,Y
IDCJAC0001,086088,1999,10,61.7,Y
IDCJAC0001,086088,1999,11,55.4,Y
IDCJAC0001,086088,1999,12,105.8,Y
IDCJAC0001,086088,2000,01,40.1,Y
IDCJAC0001,086088,2000,02,41.4,Y
IDCJAC0001,086088,2000,03,35.0,Y
IDCJAC0001,086088,2000,04,58.1,Y
IDCJAC0001,086088,2000,05,123.6,Y
IDCJAC0001,086088,2000,06,51.4,Y
IDCJAC0001,086088,2000,07,63.5,Y
IDCJAC0001,086088,2000,08,40.5,Y
IDCJAC0001,086088,2000,10,107.6,Y
IDCJAC0001,086088,2000,11,56.2,Y
IDCJAC0001,086088,2000,12,61.8,Y
IDCJAC0001,086088,2001,01,21.8,Y
IDCJAC0001,086088,2001,02,31.7,Y
IDCJAC0001,086088,2001,04,150.3,Y
IDCJAC0001,086088,2001,05,34.0,Y
IDCJAC0001,086088,2001,06,65.2,Y
IDCJAC0001,086088,2001,07,20.1,Y
IDCJAC0001,086088,2001,08,73.2,Y
IDCJAC0001,086088,2001,10,114.6,Y
IDCJAC0001,086088,2001,11,83.3,Y
IDCJAC0001,086088,2001,12,40.8,Y
IDCJAC0001,086088,2002,01,57.2,Y
IDCJAC0001,086088,2002,02,85.2,Y
IDCJAC0001,086088,2002,03,22.9,Y
IDCJAC0001,086088,2002,04,60.1,Y
IDCJAC0001,086088,2002,05,53.2,Y
IDCJAC0001,086088,2002,06,33.7,Y
IDCJAC0001,086088,2002,07,43.6,Y
IDCJAC0001,086088,2002,08,44.8,Y
IDCJAC0001,086088,2002,09,51.3,Y
IDCJAC0001,086088,2002,10,37.6,Y
IDCJAC0001,086088,2002,11,36.8,Y
IDCJAC0001,086088,2002,12,26.1,Y
IDCJAC0001,086088,2003,01,19.2,Y
IDCJAC0001,086088,2003,02,30.6,Y
IDCJAC0001,086088,2003,03,40.7,Y
IDCJAC0001,086088,2003,04,102.5,Y
IDCJAC0001,086088,2003,05,35.2,Y
IDCJAC0001,086088,2003,07,101.7,Y
IDCJAC0001,086088,2003,08,65.2,Y
IDCJAC0001,086088,2003,09,46.1,Y
IDCJAC0001,086088,2003,10,106.8,Y
IDCJAC0001,086088,2004,01,55.6,Y
IDCJAC0001,086088,2004,02,21.9,Y
IDCJAC0001,086088,2004,03,16.0,Y
IDCJAC0001,086088,2004,04,53.4,Y
IDCJAC0001,086088,2004,05,56.0,Y
IDCJAC0001,086088,2004,07,62.8,Y
IDCJAC0001,086088,2004,08,93.2,Y
IDCJAC0001,086088,2004,09,91.6,Y
IDCJAC0001,086088,2004,11,157.1,Y
IDCJAC0001,086088,2004,12,61.4,Y
IDCJAC0001,086088,2005,01,27.4,Y
IDCJAC0001,086088,2005,02,180.4,Y
IDCJAC0001,086088,2005,03,20.0,Y
IDCJAC0001,086088,2005,04,35.0,Y
IDCJAC0001,086088,2005,05,17.5,Y
IDCJAC0001,086088,2005,06,56.0,Y
IDCJAC0001,086088,2005,07,38.7,Y
IDCJAC0001,086088,2005,08,87.0,Y
IDCJAC0001,086088,2005,09,69.4,Y
IDCJAC0001,086088,2005,10,36.2,Y
IDCJAC0001,086088,2005,11,100.1,Y
IDCJAC0001,086088,2005,12,85.1,Y
IDCJAC0001,086088,2006,01,49.0,Y
IDCJAC0001,086088,2006,02,92.0,Y
IDCJAC0001,086088,2006,03,24.4,Y
IDCJAC0001,086088,2006,04,90.5,Y
IDCJAC0001,086088,2006,05,63.1,Y
IDCJAC0001,086088,2006,06,18.1,Y
IDCJAC0001,086088,2006,07,46.1,Y
IDCJAC0001,086088,2006,08,41.3,Y
IDCJAC0001,086088,2006,09,30.4,Y
IDCJAC0001,086088,2006,10,9.5,Y
IDCJAC0001,086088,2006,11,35.0,Y
IDCJAC0001,086088,2006,12,38.0,Y
IDCJAC0001,086088,2007,01,35.8,Y
IDCJAC0001,086088,2007,02,11.7,Y
IDCJAC0001,086088,2007,03,43.0,Y
IDCJAC0001,086088,2007,04,17.4,Y
IDCJAC0001,086088,2007,05,52.5,Y
IDCJAC0001,086088,2007,06,53.6,Y
IDCJAC0001,086088,2007,07,90.3,Y
IDCJAC0001,086088,2007,08,30.2,Y
IDCJAC0001,086088,2007,09,27.4,Y
IDCJAC0001,086088,2007,10,29.8,Y
IDCJAC0001,086088,2007,11,82.4,Y
IDCJAC0001,086088,2007,12,133.8,Y
IDCJAC0001,086088,2008,01,20.6,Y
IDCJAC0001,086088,2008,02,25.7,Y
IDCJAC0001,086088,2008,03,92.5,Y
IDCJAC0001,086088,2008,04,24.2,Y
IDCJAC0001,086088,2008,05,50.5,Y
IDCJAC0001,086088,2008,06,45.0,Y
IDCJAC0001,086088,2008,07,67.5,Y
IDCJAC0001,086088,2008,08,65.5,Y
IDCJAC0001,086088,2008,09,27.2,Y
IDCJAC0001,086088,2008,10,19.8,Y
IDCJAC0001,086088,2008,11,70.8,Y
IDCJAC0001,086088,2008,12,82.8,Y
IDCJAC0001,086088,2009,01,1.4,Y
IDCJAC0001,086088,2009,02,2.8,Y
IDCJAC0001,086088,2009,03,53.7,Y
IDCJAC0001,086088,2009,04,60.6,Y
IDCJAC0001,086088,2009,05,20.0,Y
IDCJAC0001,086088,2009,06,34.0,Y
IDCJAC0001,086088,2009,09,106.3,Y
IDCJAC0001,086088,2009,10,53.3,Y
IDCJAC0001,086088,2009,11,107.8,Y
IDCJAC0001,086088,2010,01,35.6,Y
IDCJAC0001,086088,2010,02,32.8,Y
IDCJAC0001,086088,2010,03,85.0,Y
IDCJAC0001,086088,2010,04,54.5,Y
IDCJAC0001,086088,2010,05,38.2,Y
IDCJAC0001,086088,2010,06,91.2,Y
IDCJAC0001,086088,2010,07,27.0,N
IDCJAC0001,086088,2010,08,77.0,N
IDCJAC0001,086088,2010,09,45.2,N
IDCJAC0001,086088,2010,10,184.3,Y
IDCJAC0001,086088,2010,11,115.3,Y
IDCJAC0001,086088,2010,12,104.1,Y
IDCJAC0001,086088,2011,01,88.0,Y
IDCJAC0001,086088,2011,03,44.1,Y
IDCJAC0001,086088,2011,04,113.4,Y
IDCJAC0001,086088,2011,05,93.4,Y
IDCJAC0001,086088,2011,06,46.1,Y
IDCJAC0001,086088,2011,07,58.8,Y
IDCJAC0001,086088,2011,08,25.8,Y
IDCJAC0001,086088,2011,09,97.0,Y
IDCJAC0001,086088,2011,10,74.4,Y
IDCJAC0001,086088,2011,11,152.3,Y
IDCJAC0001,086088,2011,12,69.6,Y
IDCJAC0001,086088,2012,01,53.0,Y
IDCJAC0001,086088,2012,02,68.1,Y
IDCJAC0001,086088,2012,03,62.2,Y
IDCJAC0001,086088,2012,04,96.4,Y
IDCJAC0001,086088,2012,05,123.1,Y
IDCJAC0001,086088,2012,06,101.8,Y
IDCJAC0001,086088,2012,07,72.9,Y
IDCJAC0001,086088,2012,08,62.6,Y
IDCJAC0001,086088,2012,09,52.4,Y
IDCJAC0001,086088,2012,10,37.6,Y
IDCJAC0001,086088,2012,11,38.6,Y
IDCJAC0001,086088,2012,12,30.6,Y
IDCJAC0001,086088,2013,01,10.4,Y
IDCJAC0001,086088,2013,02,75.4,Y
IDCJAC0001,086088,2013,04,23.7,Y
IDCJAC0001,086088,2013,05,49.4,Y
IDCJAC0001,086088,2013,06,100.6,Y
IDCJAC0001,086088,2013,07,76.1,Y
IDCJAC0001,086088,2013,08,67.6,Y
IDCJAC0001,086088,2013,09,79.0,Y
IDCJAC0001,086088,2013,10,62.2,Y
IDCJAC0001,086088,2013,11,98.8,Y
IDCJAC0001,086088,2013,12,58.5,Y
IDCJAC0001,086088,2014,01,20.6,Y
IDCJAC0001,086088,2014,02,26.0,Y
IDCJAC0001,086088,2014,03,23.0,Y
IDCJAC0001,086088,2014,04,86.8,Y
IDCJAC0001,086088,2014,05,46.6,Y
IDCJAC0001,086088,2014,06,69.5,Y
IDCJAC0001,086088,2014,08,33.4,Y
IDCJAC0001,086088,2014,09,52.4,Y
IDCJAC0001,086088,2014,10,47.4,Y
IDCJAC0001,086088,2014,11,71.3,Y
IDCJAC0001,086088,2014,12,53.4,Y
IDCJAC0001,086088,2015,01,40.0,Y
IDCJAC0001,086088,2015,02,35.4,Y
IDCJAC0001,086088,2015,03,15.4,Y
IDCJAC0001,086088,2015,05,69.2,Y
IDCJAC0001,086088,2015,06,44.6,Y
IDCJAC0001,086088,2015,07,77.3,Y
IDCJAC0001,086088,2015,09,39.6,Y
IDCJAC0001,086088,2015,10,17.7,Y
IDCJAC0001,086088,2015,11,45.9,Y
IDCJAC0001,086088,2015,12,50.0,Y
IDCJAC0001,086088,2016,01,57.6,Y
IDCJAC0001,086088,2016,02,22.6,Y
IDCJAC0001,086088,2016,03,43.0,Y
IDCJAC0001,086088,2016,04,54.2,Y
IDCJAC0001,086088,2016,05,81.4,Y
IDCJAC0001,086088,2016,06,86.6,Y
IDCJAC0001,086088,2016,07,93.2,Y
IDCJAC0001,086088,2016,08,66.3,Y
IDCJAC0001,086088,2016,09,85.9,Y
IDCJAC0001,086088,2016,10,105.1,Y
IDCJAC0001,086088,2016,11,52.8,Y
IDCJAC0001,086088,2016,12,71.3,Y
IDCJAC0001,086088,2017,01,39.6,Y
IDCJAC0001,086088,2017,02,80.5,Y
IDCJAC0001,086088,2017,03,44.4,Y
IDCJAC0001,086088,2017,04,117.1,Y
IDCJAC0001,086088,2017,05,36.0,Y
IDCJAC0001,086088,2017,06,27.1,Y
IDCJAC0001,086088,2017,07,38.7,Y
IDCJAC0001,086088,2017,08,72.2,Y
IDCJAC0001,086088,2017,09,37.0,Y
IDCJAC0001,086088,2017,10,53.1,Y
IDCJAC0001,086088,2017,11,37.2,Y
IDCJAC0001,086088,2017,12,131.1,Y
IDCJAC0001,086088,2018,02,0.0,Y
IDCJAC0001,086088,2018,03,19.6,Y
IDCJAC0001,086088,2018,04,20.6,Y
IDCJAC0001,086088,2018,05,68.4,Y
IDCJAC0001,086088,2018,06,55.4,Y
IDCJAC0001,086088,2018,07,31.5,Y
IDCJAC0001,086088,2018,08,54.7,Y
IDCJAC0001,086088,2018,09,23.0,Y
IDCJAC0001,086088,2018,10,25.6,Y
IDCJAC0001,086088,2018,12,95.4,Y
IDCJAC0001,086088,2019,01,9.0,Y
IDCJAC0001,086088,2019,02,17.2,Y
IDCJAC0001,086088,2019,03,35.4,Y
IDCJAC0001,086088,2019,04,17.4,Y
IDCJAC0001,086088,2019,05,72.8,Y
IDCJAC0001,086088,2019,06,74.7,Y
IDCJAC0001,086088,2019,07,63.0,Y
IDCJAC0001,086088,2019,08,75.1,Y
IDCJAC0001,086088,2019,09,67.6,Y
IDCJAC0001,086088,2019,10,33.6,Y
IDCJAC0001,086088,2019,11,56.5,Y
IDCJAC0001,086088,2019,12,11.0,Y
IDCJAC0001,086088,2020,01,101.5,Y
IDCJAC0001,086088,2020,02,81.7,Y
IDCJAC0001,086088,2020,03,87.8,Y
IDCJAC0001,086088,2020,04,170.4,Y
IDCJAC0001,086088,2020,05,73.8,Y
IDCJAC0001,086088,2020,06,46.6,Y
IDCJAC0001,086088,2020,07,35.0,Y
IDCJAC0001,086088,2020,08,84.3,Y
IDCJAC0001,086088,2020,09,46.0,Y
IDCJAC0001,086088,2020,10,98.2,N
IDCJAC0001,086088,2020,11,67.7,Y
IDCJAC0001,086088,2020,12,53.2,Y
IDCJAC0001,086088,2021,01,92.8,Y
IDCJAC0001,086088,2021,02,14.4,Y
IDCJAC0001,086088,2021,03,64.8,Y
IDCJAC0001,086088,2021,04,53.8,Y
IDCJAC0001,086088,2021,05,52.8,Y
IDCJAC0001,086088,2021,06,78.7,Y
IDCJAC0001,086088,2021,07,45.1,Y
IDCJAC0001,086088,2021,08,57.4,Y
IDCJAC0001,086088,2021,09,89.8,Y
IDCJAC0001,086088,2021,10,131.8,Y
IDCJAC0001,086088,2021,11,115.4,N
IDCJAC0001,086088,2021,12,25.1,N
IDCJAC0001,086088,2022,01,79.4,N
IDCJAC0001,086088,2022,02,10.6,Y
IDCJAC0001,086088,2022,03,62.8,N
IDCJAC0001,086088,2022,04,84.0,Y
IDCJAC0001,086088,2022,05,31.3,N
IDCJAC0001,086088,2022,06,67.4,N
IDCJAC0001,086088,2022,07,36.8,N
IDCJAC0001,086088,2022,08,94.1,N
IDCJAC0001,086088,2022,09,54.3,Y
IDCJAC0001,086088,2022,10,178.0,N
IDCJAC0001,086088,2022,11,129.2,N
IDCJAC0001,086088,2022,12,54.2,N
IDCJAC0001,086088,2023,01,14.4,Y
IDCJAC0001,086088,2023,02,40.4,N
IDCJAC0001,086088,2023,03,48.3,Y
IDCJAC0001,086088,2023,04,100.2,N
IDCJAC0001,086088,2023,05,91.0,Y
IDCJAC0001,086088,2023,06,34.6,N
IDCJAC0001,086088,2023,07,17.0,Y
IDCJAC0001,086088,2023,08,27.4,Y
IDCJAC0001,086088,2023,09,16.7,Y
IDCJAC0001,086088,2023,10,91.5,Y
IDCJAC0001,086088,2023,11,48.2,Y
IDCJAC0001,086088,2024,01,134.0,Y
IDCJAC0001,086088,2024,02,20.0,N
IDCJAC0001,086088,2024,03,5.0,N
IDCJAC0001,086088,2024,04,137.0,N
IDCJAC0001,086088,2024,05,34.3,N
IDCJAC0001,086088,2024,06,43.1,N
IDCJAC0001,086088,2024,07,111.4,N
IDCJAC0001,086088,2024,08,28.6,N
